-- MySQL Administrator dump 1.4
--
-- ------------------------------------------------------
-- Server version	5.1.53-community


/*!40101 SET @OLD_CHARACTER_SET_CLIENT=@@CHARACTER_SET_CLIENT */;
/*!40101 SET @OLD_CHARACTER_SET_RESULTS=@@CHARACTER_SET_RESULTS */;
/*!40101 SET @OLD_COLLATION_CONNECTION=@@COLLATION_CONNECTION */;
/*!40101 SET NAMES utf8 */;

/*!40014 SET @OLD_UNIQUE_CHECKS=@@UNIQUE_CHECKS, UNIQUE_CHECKS=0 */;
/*!40014 SET @OLD_FOREIGN_KEY_CHECKS=@@FOREIGN_KEY_CHECKS, FOREIGN_KEY_CHECKS=0 */;
/*!40101 SET @OLD_SQL_MODE=@@SQL_MODE, SQL_MODE='NO_AUTO_VALUE_ON_ZERO' */;


--
-- Create schema mypmbugtrace
--

CREATE DATABASE IF NOT EXISTS mypmbugtrace;
USE mypmbugtrace;

--
-- Definition of table `t_broadcast_msg`
--

DROP TABLE IF EXISTS `t_broadcast_msg`;
CREATE TABLE `t_broadcast_msg` (
  `LOGIC_ID` bigint(20) NOT NULL AUTO_INCREMENT,
  `COMP_ID` varchar(32) DEFAULT NULL,
  `OVERDUE_DATE` date DEFAULT NULL,
  `CONTENT` varchar(1000) DEFAULT NULL,
  `STATE` int(2) DEFAULT '0',
  `SEND_DATE` date DEFAULT NULL,
  `SENDER_ID` varchar(32) DEFAULT NULL,
  `TYPE` int(2) DEFAULT '0',
  `AND_MAIL` int(1) DEFAULT '0',
  `RECIP_ID` varchar(32) DEFAULT NULL,
  `ATTACH_URL` varchar(200) DEFAULT NULL,
  `START_DATE` date DEFAULT NULL,
  `TITLE` varchar(100) DEFAULT NULL,
  PRIMARY KEY (`LOGIC_ID`),
  KEY `T_BROADCAST_MSG_IDX3` (`LOGIC_ID`,`COMP_ID`)
) ENGINE=InnoDB AUTO_INCREMENT=58 DEFAULT CHARSET=utf8;

--
-- Dumping data for table `t_broadcast_msg`
--

/*!40000 ALTER TABLE `t_broadcast_msg` DISABLE KEYS */;
/*!40000 ALTER TABLE `t_broadcast_msg` ENABLE KEYS */;


--
-- Definition of table `t_broadmsg_recip_rela`
--

DROP TABLE IF EXISTS `t_broadmsg_recip_rela`;
CREATE TABLE `t_broadmsg_recip_rela` (
  `MSG_LOGIC_ID` bigint(20) NOT NULL,
  `RECIP_ID` varchar(32) NOT NULL,
  KEY `FK_MG_RECPI_MSG` (`MSG_LOGIC_ID`),
  KEY `FK_MG_RECPI_USR` (`RECIP_ID`),
  CONSTRAINT `FK_MG_RECPI_MSG` FOREIGN KEY (`MSG_LOGIC_ID`) REFERENCES `t_broadcast_msg` (`LOGIC_ID`),
  CONSTRAINT `FK_MG_RECPI_USR` FOREIGN KEY (`RECIP_ID`) REFERENCES `t_user` (`ID`)
) ENGINE=InnoDB DEFAULT CHARSET=utf8;

--
-- Dumping data for table `t_broadmsg_recip_rela`
--

/*!40000 ALTER TABLE `t_broadmsg_recip_rela` DISABLE KEYS */;
/*!40000 ALTER TABLE `t_broadmsg_recip_rela` ENABLE KEYS */;


--
-- Definition of table `t_bugbaseinfo`
--

DROP TABLE IF EXISTS `t_bugbaseinfo`;
CREATE TABLE `t_bugbaseinfo` (
  `TASK_ID` varchar(32) DEFAULT NULL,
  `TEST_PHASE` int(1) NOT NULL DEFAULT '0',
  `MODULEID` bigint(20) NOT NULL DEFAULT '0',
  `BUGCARDID` bigint(20) NOT NULL AUTO_INCREMENT,
  `BUGTYPE` bigint(20) DEFAULT '0',
  `BUGLEVEL` bigint(20) DEFAULT '0',
  `BUGFREQ` bigint(20) DEFAULT '0',
  `BUGOCCA` bigint(20) DEFAULT '0',
  `REPRODUCT_TXT` varchar(4000) DEFAULT NULL,
  `BUGDISVPERID` varchar(32) DEFAULT '',
  `DISCOVER_VER` bigint(20) DEFAULT NULL,
  `VERIFY_VER` bigint(20) DEFAULT NULL,
  `RESBUGVER` varchar(30) DEFAULT NULL,
  `BUGDISVDATE` datetime DEFAULT NULL,
  `MSG_FLAG` int(2) NOT NULL,
  `BUGANTIMODDATE` date DEFAULT NULL,
  `PRI` bigint(20) DEFAULT NULL,
  `GENERATEPHASE` bigint(20) DEFAULT NULL,
  `DEV_OWNER` varchar(32) DEFAULT NULL,
  `PLANAMENDHOUR` float DEFAULT NULL,
  `GENERATECAUSE` bigint(20) DEFAULT NULL,
  `SOURCE` bigint(20) DEFAULT NULL,
  `CLIENT_PLATFORM` varchar(40) DEFAULT NULL,
  `PLATFORMID` bigint(20) DEFAULT NULL,
  `BUGDESC` varchar(500) DEFAULT NULL,
  `CURRENT_STATE` int(3) DEFAULT NULL,
  `CURRENT_HANDLER` varchar(32) DEFAULT NULL,
  `CURRENT_HANDL_DATE` datetime DEFAULT NULL,
  `CURRENT_REMARK` varchar(200) DEFAULT NULL,
  `CURR_FLOW_CODE` int(3) DEFAULT NULL,
  `MODULENUM` varchar(60) DEFAULT NULL,
  `TEST_SEQ` int(3) DEFAULT NULL,
  `INIT_SEQ` int(3) DEFAULT NULL,
  `BUGCARDFLOWID` varchar(32) DEFAULT NULL,
  `NEXT_FLOW_CODE` int(3) DEFAULT NULL,
  `INSDATE` datetime DEFAULT NULL,
  `REAL_CASE_FLAG` int(1) DEFAULT NULL,
  `REPRODUCTSTEP` varchar(4000) DEFAULT NULL,
  `TEST_OWNER` varchar(32) DEFAULT NULL,
  `ANALYSER_OWNER` varchar(32) DEFAULT NULL,
  `INTERCESS_OWNER` varchar(32) NOT NULL,
  `ASSIGNER_OWNER` varchar(32) DEFAULT NULL,
  `REPRO_PERSENT` varchar(30) DEFAULT NULL,
  `REPEATE_ID` bigint(20) DEFAULT NULL,
  `INIT_STATE` int(3) DEFAULT NULL,
  `ATTACH_URL` varchar(200) DEFAULT NULL,
  `FIX_VERSION` bigint(20) DEFAULT NULL,
  `SOURCE_BUG_ID` bigint(20) DEFAULT NULL,
  `BUG_NUM` varchar(50) DEFAULT NULL,
  `FIX_DATE` datetime DEFAULT NULL,
  PRIMARY KEY (`BUGCARDID`),
  KEY `T_BUGBASEINFO_IDX3` (`TASK_ID`),
  KEY `T_BUGBASEINFO_IDX4` (`TEST_PHASE`)
) ENGINE=InnoDB AUTO_INCREMENT=33 DEFAULT CHARSET=utf8;

--
-- Dumping data for table `t_bugbaseinfo`
--

/*!40000 ALTER TABLE `t_bugbaseinfo` DISABLE KEYS */;
INSERT INTO `t_bugbaseinfo` (`TASK_ID`,`TEST_PHASE`,`MODULEID`,`BUGCARDID`,`BUGTYPE`,`BUGLEVEL`,`BUGFREQ`,`BUGOCCA`,`REPRODUCT_TXT`,`BUGDISVPERID`,`DISCOVER_VER`,`VERIFY_VER`,`RESBUGVER`,`BUGDISVDATE`,`MSG_FLAG`,`BUGANTIMODDATE`,`PRI`,`GENERATEPHASE`,`DEV_OWNER`,`PLANAMENDHOUR`,`GENERATECAUSE`,`SOURCE`,`CLIENT_PLATFORM`,`PLATFORMID`,`BUGDESC`,`CURRENT_STATE`,`CURRENT_HANDLER`,`CURRENT_HANDL_DATE`,`CURRENT_REMARK`,`CURR_FLOW_CODE`,`MODULENUM`,`TEST_SEQ`,`INIT_SEQ`,`BUGCARDFLOWID`,`NEXT_FLOW_CODE`,`INSDATE`,`REAL_CASE_FLAG`,`REPRODUCTSTEP`,`TEST_OWNER`,`ANALYSER_OWNER`,`INTERCESS_OWNER`,`ASSIGNER_OWNER`,`REPRO_PERSENT`,`REPEATE_ID`,`INIT_STATE`,`ATTACH_URL`,`FIX_VERSION`,`SOURCE_BUG_ID`,`BUG_NUM`,`FIX_DATE`) VALUES 
 ('40288a472ee12bb9012ee14cee4e000d',0,34,1,15,21,27,26,'demo项目/用户管理 :sssssssss','40288a472ee12bb9012ee134bf530003',9,NULL,NULL,'2011-03-23 17:39:59',0,NULL,36,NULL,'40288a472ee12bb9012ee134bf150001',NULL,16,31,NULL,32,'ssss',10,'40288a472ee120fb012ee1243be90001','2011-03-23 18:00:30','批量分配',4,NULL,NULL,NULL,NULL,5,NULL,0,'＜strong＞demo项目/用户管理＜/strong＞:sssssssss','40288a472ee12bb9012ee134bf530003','','','40288a472ee120fb012ee1243be90001','',NULL,25,'',NULL,NULL,'40288a472ee120fb012ee1243be90001',NULL),
 ('40288a472ee12bb9012ee14cee4e000d',0,35,2,14,20,27,25,'demo项目/文档管理 :sss','40288a472ee12bb9012ee134bf530003',9,NULL,NULL,'2011-03-23 17:40:59',0,NULL,36,NULL,'40288a472ee12bb9012ee134bf150001',NULL,NULL,31,NULL,33,'sdds',10,'40288a472ee120fb012ee1243be90001','2011-03-23 18:00:30','批量分配',4,NULL,NULL,NULL,NULL,5,NULL,0,'＜strong＞demo项目/文档管理＜/strong＞:sss','40288a472ee12bb9012ee134bf530003','','','40288a472ee120fb012ee1243be90001','',NULL,25,'',NULL,NULL,'40288a472ee120fb012ee1243be90001',NULL),
 ('40288a472ee12bb9012ee14cee4e000d',0,33,3,14,20,27,25,'demo项目/测试管理 :ssssss','40288a472ee12bb9012ee134bf530003',9,NULL,NULL,'2011-03-23 17:41:28',0,NULL,35,NULL,'40288a472ee12bb9012ee134bf150001',NULL,NULL,31,NULL,33,'tttt',10,'40288a472ee120fb012ee1243be90001','2011-03-23 17:42:12','',4,NULL,NULL,NULL,NULL,5,NULL,0,'＜strong＞demo项目/测试管理＜/strong＞:ssssss','40288a472ee12bb9012ee134bf530003','','','40288a472ee120fb012ee1243be90001','',NULL,25,'',NULL,NULL,'40288a472ee12bb9012ee134bf150001',NULL),
 ('40288a472ee12bb9012ee14cee4e000d',0,33,4,15,20,27,26,'demo项目/测试管理 :ssss','40288a472ee12bb9012ee134bf630004',9,NULL,NULL,'2011-03-23 20:32:00',0,NULL,35,NULL,'40288a472ee12bb9012ee13778490007',NULL,17,31,NULL,32,'批量分配一',10,'40288a472ee120fb012ee1243be90001','2011-03-23 20:34:09','批量分配',4,NULL,NULL,NULL,NULL,5,NULL,0,'＜strong＞demo项目/测试管理＜/strong＞:ssss','40288a472ee12bb9012ee134bf630004','','','40288a472ee120fb012ee1243be90001','',NULL,25,'',NULL,NULL,'40288a472ee120fb012ee1243be90001',NULL),
 ('40288a472ee12bb9012ee14cee4e000d',0,35,5,14,20,27,46,'demo项目/文档管理 :dddd','40288a472ee12bb9012ee134bf630004',9,NULL,NULL,'2011-03-23 20:32:25',0,NULL,35,NULL,'40288a472ee12bb9012ee13778490007',NULL,NULL,29,NULL,33,'ffff',10,'40288a472ee120fb012ee1243be90001','2011-03-23 20:34:09','批量分配',4,NULL,NULL,NULL,NULL,5,NULL,0,'＜strong＞demo项目/文档管理＜/strong＞:dddd','40288a472ee12bb9012ee134bf630004','','','40288a472ee120fb012ee1243be90001','',NULL,25,'',NULL,NULL,'40288a472ee120fb012ee1243be90001',NULL),
 ('40288a472ee12bb9012ee14cee4e000d',0,34,6,14,20,27,24,'demo项目/用户管理 :111','40288a472ee12bb9012ee134bf630005',9,NULL,NULL,'2011-03-23 20:38:57',0,NULL,35,NULL,'40288a472ee12bb9012ee13778490007',NULL,NULL,29,NULL,32,'a1',10,'40288a472ee120fb012ee1243be90001','2011-03-23 20:48:36','批量分配',4,NULL,NULL,NULL,NULL,5,NULL,0,'＜strong＞demo项目/用户管理＜/strong＞:111','40288a472ee12bb9012ee134bf630005','','','40288a472ee120fb012ee1243be90001','',NULL,25,'',NULL,NULL,'40288a472ee12bb9012ee13778490007',NULL),
 ('40288a472ee12bb9012ee14cee4e000d',0,35,7,13,20,27,24,'demo项目/文档管理 :sss','40288a472ee12bb9012ee134bf630005',8,NULL,NULL,'2011-03-23 20:39:27',0,NULL,35,NULL,'40288a472ee12bb9012ee13778490007',NULL,NULL,29,NULL,32,'a2',10,'40288a472ee120fb012ee1243be90001','2011-03-23 20:41:45','批量分配',4,NULL,NULL,NULL,NULL,5,NULL,1,'＜strong＞demo项目/文档管理＜/strong＞:sss','40288a472ee12bb9012ee134bf630005','','','40288a472ee120fb012ee1243be90001','',NULL,25,'',NULL,NULL,'40288a472ee12bb9012ee13778490007',NULL),
 ('40288a472ee12bb9012ee14cee4e000d',0,36,8,13,20,27,24,'demo项目/系统设置 :xxxx','40288a472ee12bb9012ee134bf630005',9,NULL,NULL,'2011-03-23 20:58:04',0,NULL,36,NULL,'40288a472ee12bb9012ee13778490007',NULL,NULL,29,NULL,32,'a3',10,'40288a472ee120fb012ee1243be90001','2011-03-23 20:59:41','批量分配',4,NULL,NULL,NULL,NULL,5,NULL,1,'＜strong＞demo项目/系统设置＜/strong＞:xxxx','40288a472ee12bb9012ee134bf630005','','','40288a472ee120fb012ee1243be90001','',NULL,25,'',NULL,NULL,'40288a472ee12bb9012ee13778490007',NULL),
 ('40288a472ee12bb9012ee14cee4e000d',0,35,9,13,20,27,24,'demo项目/文档管理 :sss','40288a472ee12bb9012ee134bf630005',9,NULL,NULL,'2011-03-23 20:59:03',0,NULL,36,NULL,'40288a472ee12bb9012ee13778490007',NULL,NULL,29,NULL,32,'a4',10,'40288a472ee120fb012ee1243be90001','2011-03-23 20:59:41','批量分配',4,NULL,NULL,NULL,NULL,5,NULL,0,'＜strong＞demo项目/文档管理＜/strong＞:sss','40288a472ee12bb9012ee134bf630005','','','40288a472ee120fb012ee1243be90001','',NULL,25,'',NULL,NULL,'40288a472ee12bb9012ee13778490007',NULL),
 ('40288a472ee12bb9012ee14cee4e000d',0,34,10,13,20,27,24,'demo项目/用户管理 :sss','1289630248984',9,NULL,NULL,'2011-03-23 21:07:33',0,NULL,35,NULL,'40288a472ee12bb9012ee13778490007',NULL,NULL,29,NULL,32,'auto assign',10,'1289630248984','2011-03-23 21:07:44',NULL,1,NULL,NULL,NULL,NULL,5,NULL,0,'＜strong＞demo项目/用户管理＜/strong＞:sss','1289630248984','','','40288a472ee120fb012ee1243be90001','',NULL,25,'',NULL,NULL,'40288a472ee12bb9012ee13778490007',NULL),
 ('40288a472ee12bb9012ee14cee4e000d',0,36,11,13,20,27,24,'demo项目/系统设置 :assssss','1289630248984',9,NULL,NULL,'2011-03-23 21:09:33',0,NULL,35,NULL,'40288a472ee12bb9012ee134bf150001',NULL,NULL,29,NULL,32,'hhhhhffddddddddddddddddddddddddddddddddd',18,'40288a472ee12bb9012ee13778490007','2011-03-23 21:18:57','',5,NULL,NULL,NULL,NULL,6,NULL,1,'＜strong＞demo项目/系统设置＜/strong＞:assssss','40288a472ee12bb9012ee13778490009','40288a472ee12bb9012ee14504ea000c','','40288a472ee120fb012ee1243be90001','',NULL,10,'',9,NULL,'40288a472ee12bb9012ee134bf150001',NULL),
 ('40288a472ee12bb9012ee14cee4e000d',0,35,12,13,20,27,24,'demo项目/文档管理 :sdddd','1289630248984',9,9,NULL,'2011-03-23 21:09:55',1,NULL,35,38,'40288a472ee12bb9012ee134bf150001',NULL,NULL,29,NULL,32,'hhhhhffddddddddddddddddddddddddddddddddd',14,'40288a472ee12bb9012ee134bf530003','2011-03-23 21:26:23','sss',1,NULL,NULL,NULL,NULL,5,NULL,1,'＜strong＞demo项目/文档管理＜/strong＞:sdddd','40288a472ee12bb9012ee134bf530003','','','40288a472ee120fb012ee1243be90001','',NULL,13,'',9,NULL,'40288a472ee12bb9012ee134bf150001',NULL),
 ('40288a472ee12bb9012ee14cee4e000d',0,36,13,13,20,27,24,'demo项目/系统设置 :sss','40288a472ee12bb9012ee13778490009',9,9,NULL,'2011-03-23 21:12:22',10,NULL,35,38,'40288a472ee12bb9012ee13778490007',NULL,NULL,29,NULL,32,'dddd',9,'40288a472ee12bb9012ee134bf150001','2011-03-23 21:23:18','sss',1,NULL,NULL,NULL,NULL,5,NULL,0,'＜strong＞demo项目/系统设置＜/strong＞:sss','40288a472ee12bb9012ee13778490009','40288a472ee12bb9012ee14504ea000c','','40288a472ee120fb012ee1243be90001','',NULL,18,'',9,NULL,'40288a472ee12bb9012ee13778490007',NULL),
 ('40288a472ee12bb9012ee14cee4e000d',0,36,14,13,20,27,24,'demo项目/系统设置 :sss','40288a472ee120fb012ee1243be90001',9,NULL,NULL,'2011-03-23 21:14:57',0,NULL,35,NULL,'40288a472ee12bb9012ee13778490007',NULL,NULL,29,NULL,32,'ffff',10,'1289630248984','2011-03-23 21:17:04',NULL,1,NULL,NULL,NULL,NULL,5,NULL,0,'＜strong＞demo项目/系统设置＜/strong＞:sss','40288a472ee12bb9012ee13778490009','','','40288a472ee120fb012ee1243be90001','',NULL,25,'',NULL,NULL,'40288a472ee12bb9012ee13778490007',NULL),
 ('40288a472ee12bb9012ee14cee4e000d',0,36,15,13,20,27,24,'系统设置/demo项目 :ssss','40288a472ee12bb9012ee134bf530003',9,NULL,NULL,'2011-03-23 21:28:00',0,NULL,35,NULL,'',NULL,NULL,29,NULL,32,'relaBug',25,'40288a472ee12bb9012ee134bf530003','2011-03-23 21:28:00',NULL,1,NULL,NULL,NULL,NULL,4,NULL,2,'＜strong＞系统设置/demo项目＜/strong＞:ssss','40288a472ee12bb9012ee134bf530003','','','40288a472ee120fb012ee1243be90001','',NULL,25,NULL,NULL,NULL,'40288a472ee120fb012ee1243be90001',NULL),
 ('40288a472ee12bb9012ee14cee4e000d',0,35,16,13,20,27,24,'demo项目/文档管理 :zzzz','40288a472ee12bb9012ee134bf530003',9,NULL,NULL,'2011-03-23 22:43:23',0,NULL,35,NULL,'',NULL,NULL,29,NULL,33,'用来关联测试',25,'40288a472ee12bb9012ee134bf530003','2011-03-23 22:43:23',NULL,1,NULL,NULL,NULL,NULL,4,NULL,4,'＜strong＞demo项目/文档管理＜/strong＞:zzzz','40288a472ee12bb9012ee134bf530003','','','40288a472ee120fb012ee1243be90001','',NULL,25,'',NULL,NULL,'40288a472ee120fb012ee1243be90001',NULL),
 ('40288a472ee12bb9012ee14cee4e000d',0,38,17,13,20,27,24,'demo项目/测试管理/文档管理 :gggggggg','40288a472ee12bb9012ee134bf530003',9,NULL,NULL,'2011-03-23 23:04:44',0,NULL,35,NULL,'',NULL,NULL,29,NULL,32,'文档管理',25,'40288a472ee12bb9012ee134bf530003','2011-03-23 23:04:44',NULL,1,NULL,NULL,NULL,NULL,4,NULL,0,'＜strong＞demo项目/测试管理/文档管理＜/strong＞:gggggggg','40288a472ee12bb9012ee134bf530003','','','40288a472ee120fb012ee1243be90001','',NULL,25,'',NULL,NULL,'40288a472ee120fb012ee1243be90001',NULL),
 ('40288a472ee12bb9012ee14cee4e000d',0,35,18,13,20,27,24,'demo项目/文档管理 :ass','40288a472ee12bb9012ee134bf530003',9,NULL,NULL,'2011-03-23 23:13:45',0,NULL,35,NULL,'',NULL,NULL,29,NULL,32,'form case rela bug',25,'40288a472ee12bb9012ee134bf530003','2011-03-23 23:13:45',NULL,1,NULL,NULL,NULL,NULL,4,NULL,0,'＜strong＞demo项目/文档管理＜/strong＞:ass','40288a472ee12bb9012ee134bf530003','','','40288a472ee120fb012ee1243be90001','',NULL,25,NULL,NULL,NULL,'40288a472ee120fb012ee1243be90001',NULL),
 ('40288a472ee12bb9012ee14cee4e000d',0,38,19,13,20,27,24,'demo项目/测试管理/文档管理 :gggggg','40288a472ee12bb9012ee134bf530003',9,9,NULL,'2011-03-23 23:15:47',0,NULL,35,38,'40288a472ee12bb9012ee134bf530002',NULL,NULL,29,NULL,32,'new bug',14,'40288a472ee12bb9012ee134bf530003','2011-03-24 03:15:10','',1,NULL,NULL,NULL,NULL,1,NULL,0,'＜strong＞demo项目/测试管理/文档管理＜/strong＞:gggggg','40288a472ee12bb9012ee134bf530003','','','40288a472ee120fb012ee1243be90001','',NULL,13,'',9,NULL,'',NULL),
 ('40288a472ee12bb9012ee14cee4e000d',0,38,20,13,20,27,24,'demo项目/测试管理/文档管理 :sss','40288a472ee12bb9012ee134bf530003',9,NULL,NULL,'2011-03-23 23:17:23',0,NULL,35,NULL,'40288a472ee12bb9012ee134bf150001',NULL,NULL,29,NULL,32,'new doc',10,'40288a472ee120fb012ee1243be90001','2011-03-24 03:07:22','',4,NULL,NULL,NULL,NULL,5,NULL,0,'＜strong＞demo项目/测试管理/文档管理＜/strong＞:sss','40288a472ee12bb9012ee134bf530003','','','40288a472ee120fb012ee1243be90001','',NULL,25,'',NULL,NULL,'40288a472ee12bb9012ee134bf150001',NULL),
 ('40288a472ee12bb9012ee14cee4e000d',0,35,21,13,20,27,24,'demo项目/文档管理 :dxdddd','1289630248984',9,NULL,NULL,'2011-03-25 22:42:45',0,NULL,35,NULL,'',NULL,NULL,30,NULL,32,'uuuuuuuu',25,'1289630248984','2011-03-25 22:47:57',NULL,1,NULL,NULL,NULL,NULL,4,NULL,0,'＜strong＞demo项目/文档管理＜/strong＞:dxdddd','1289630248984','','','40288a472ee120fb012ee1243be90001','',NULL,1,'',NULL,NULL,'40288a472ee120fb012ee1243be90001',NULL),
 ('40288a472ee12bb9012ee14cee4e000d',0,35,22,13,20,27,24,'demo项目/文档管理 :ddddd','1289630248984',9,NULL,NULL,'2011-03-25 22:48:36',0,NULL,35,NULL,'',NULL,NULL,29,NULL,32,'dddd',25,'1289630248984','2011-03-25 22:48:36',NULL,1,NULL,NULL,NULL,NULL,4,NULL,0,'＜strong＞demo项目/文档管理＜/strong＞:ddddd','1289630248984','','','1289630248984','',NULL,25,'',NULL,NULL,'1289630248984',NULL),
 ('40288a472ee12bb9012ee14cee4e000d',0,34,23,13,20,27,24,'demo项目/用户管理 :ssssssssss','1289630248984',9,NULL,NULL,'2011-03-25 23:47:25',0,NULL,35,NULL,'',NULL,NULL,29,NULL,32,'dddd',25,'1289630248984','2011-03-25 23:47:25',NULL,1,NULL,NULL,NULL,NULL,4,NULL,0,'＜strong＞demo项目/用户管理＜/strong＞:ssssssssss','1289630248984','','','1289630248984','',NULL,25,'',NULL,NULL,'1289630248984',NULL),
 ('40288a472ee12bb9012ee14cee4e000d',0,34,24,13,20,27,24,'demo项目/用户管理 :ssss','1289630248984',9,NULL,NULL,'2011-03-25 23:50:53',0,NULL,35,NULL,'',NULL,NULL,29,NULL,32,'dddd',25,'1289630248984','2011-03-25 23:50:53',NULL,1,NULL,NULL,NULL,NULL,4,NULL,0,'＜strong＞demo项目/用户管理＜/strong＞:ssss','1289630248984','','','1289630248984','',NULL,25,'',NULL,NULL,'1289630248984',NULL),
 ('40288a472ee12bb9012ee14cee4e000d',0,35,25,14,20,27,24,'demo项目/文档管理 :dddddd','1289630248984',9,NULL,NULL,'2011-03-25 23:52:47',0,NULL,35,NULL,'',NULL,NULL,29,NULL,32,'dddddddd',25,'1289630248984','2011-03-25 23:52:47',NULL,1,NULL,NULL,NULL,NULL,4,NULL,0,'＜strong＞demo项目/文档管理＜/strong＞:dddddd','1289630248984','','','1289630248984','',NULL,25,'',NULL,NULL,'1289630248984',NULL),
 ('40288a472ee12bb9012ee14cee4e000d',0,34,26,13,20,27,24,'demo项目/用户管理 :dddddddddd','1289630248984',9,NULL,NULL,'2011-03-25 23:55:19',0,NULL,35,NULL,'',NULL,NULL,29,NULL,32,'dddd',25,'1289630248984','2011-03-25 23:55:19',NULL,1,NULL,NULL,NULL,NULL,4,NULL,0,'＜strong＞demo项目/用户管理＜/strong＞:dddddddddd','1289630248984','','','1289630248984','',NULL,25,'',NULL,NULL,'1289630248984',NULL),
 ('40288a472ee12bb9012ee14cee4e000d',0,35,27,13,20,27,25,'demo项目/文档管理 :hhhh','1289630248984',9,NULL,NULL,'2011-03-26 13:12:24',0,NULL,35,NULL,'',NULL,NULL,29,NULL,32,'jjjj',25,'1289630248984','2011-03-26 13:12:24',NULL,1,NULL,NULL,NULL,NULL,4,NULL,0,'＜strong＞demo项目/文档管理＜/strong＞:hhhh','1289630248984','','','1289630248984','',NULL,25,'',NULL,NULL,'1289630248984',NULL),
 ('40288a472ee12bb9012ee14cee4e000d',0,36,28,13,20,27,24,'demo项目/系统设置 :ggggggggggggg','1289630248984',9,NULL,NULL,'2011-03-26 13:13:12',0,NULL,35,NULL,'',NULL,NULL,30,NULL,33,'jjjjj',25,'1289630248984','2011-03-26 13:13:12',NULL,1,NULL,NULL,NULL,NULL,4,NULL,0,'＜strong＞demo项目/系统设置＜/strong＞:ggggggggggggg','1289630248984','','','1289630248984','',NULL,25,'',NULL,NULL,'1289630248984',NULL),
 ('40288a472ee12bb9012ee14cee4e000d',0,34,29,13,20,27,24,'demo项目/用户管理 :jjjj','1289630248984',9,NULL,NULL,'2011-03-26 13:27:01',0,NULL,35,NULL,'',NULL,NULL,29,NULL,32,'jjjjj',25,'1289630248984','2011-03-26 13:27:01',NULL,1,NULL,NULL,NULL,NULL,4,NULL,0,'＜strong＞demo项目/用户管理＜/strong＞:jjjj','1289630248984','','','1289630248984','',NULL,25,'',NULL,NULL,'1289630248984',NULL),
 ('40288a472ee12bb9012ee14cee4e000d',0,35,30,14,20,27,24,'demo项目/文档管理 :ddddd','1289630248984',8,NULL,NULL,'2011-03-26 13:38:28',0,NULL,35,NULL,'',NULL,NULL,30,NULL,32,'hhhhhffddddddddddddddddddddddddddddddddd',25,'1289630248984','2011-03-26 13:38:28',NULL,1,NULL,NULL,NULL,NULL,4,NULL,0,'＜strong＞demo项目/文档管理＜/strong＞:ddddd','1289630248984','','','1289630248984','',NULL,25,'',NULL,NULL,'1289630248984',NULL),
 ('40288a472ee12bb9012ee14cee4e000d',0,34,31,13,20,27,24,'demo项目/用户管理 :ddd','1289630248984',9,NULL,NULL,'2011-04-02 16:09:56',0,NULL,35,NULL,'',NULL,NULL,29,NULL,32,'dddd',25,'1289630248984','2011-04-02 16:09:56',NULL,1,NULL,NULL,NULL,NULL,4,NULL,0,'＜strong＞demo项目/用户管理＜/strong＞:ddd','1289630248984','','','1289630248984','',NULL,25,'',NULL,NULL,'1289630248984',NULL),
 ('40288a472ee12bb9012ee14cee4e000d',0,36,32,13,20,27,24,'demo项目/系统设置 :hhhhh','1289630248984',9,NULL,NULL,'2011-04-02 16:15:01',0,NULL,35,NULL,'',NULL,NULL,29,NULL,33,'hhhhhffddddddddddddddddddddddddddddddddd',25,'1289630248984','2011-04-02 16:15:01',NULL,1,NULL,NULL,NULL,NULL,4,NULL,0,'＜strong＞demo项目/系统设置＜/strong＞:hhhhh','1289630248984','','','1289630248984','',NULL,25,'',NULL,NULL,'1289630248984',NULL);
/*!40000 ALTER TABLE `t_bugbaseinfo` ENABLE KEYS */;


--
-- Definition of table `t_bughandhistory`
--

DROP TABLE IF EXISTS `t_bughandhistory`;
CREATE TABLE `t_bughandhistory` (
  `TASK_ID` varchar(32) DEFAULT NULL,
  `TEST_PHASE` int(1) DEFAULT '0',
  `MODULEID` bigint(20) DEFAULT '0',
  `BUGCARDID` bigint(20) NOT NULL DEFAULT '0',
  `TEST_FLOW_CODE` int(3) NOT NULL DEFAULT '0',
  `BUGSTATE` int(3) NOT NULL DEFAULT '0',
  `REMARK` varchar(4000) DEFAULT NULL,
  `HANDLER` varchar(32) DEFAULT NULL,
  `INSDATE` datetime DEFAULT NULL,
  `TEST_SEQ` int(3) DEFAULT '0',
  `MODULENUM` varchar(60) DEFAULT NULL,
  `CURR_VER` bigint(20) DEFAULT NULL,
  `HISTORY_ID` bigint(20) NOT NULL AUTO_INCREMENT,
  `FLOW_NODE_NAME` varchar(40) DEFAULT NULL,
  `INIT_STATE` int(3) DEFAULT NULL,
  `RESULT` varchar(4000) DEFAULT NULL,
  `CURR_DAY_FINAL` int(1) DEFAULT NULL,
  PRIMARY KEY (`HISTORY_ID`),
  KEY `T_BUGHANDHISTORY_IDX2` (`TASK_ID`,`BUGCARDID`),
  KEY `T_BUGHANDHISTORY_IDX3` (`CURR_VER`)
) ENGINE=InnoDB AUTO_INCREMENT=65 DEFAULT CHARSET=utf8;

--
-- Dumping data for table `t_bughandhistory`
--

/*!40000 ALTER TABLE `t_bughandhistory` DISABLE KEYS */;
INSERT INTO `t_bughandhistory` (`TASK_ID`,`TEST_PHASE`,`MODULEID`,`BUGCARDID`,`TEST_FLOW_CODE`,`BUGSTATE`,`REMARK`,`HANDLER`,`INSDATE`,`TEST_SEQ`,`MODULENUM`,`CURR_VER`,`HISTORY_ID`,`FLOW_NODE_NAME`,`INIT_STATE`,`RESULT`,`CURR_DAY_FINAL`) VALUES 
 ('40288a472ee12bb9012ee14cee4e000d',0,34,1,1,25,'新提交问题','40288a472ee12bb9012ee134bf530003','2011-03-23 17:39:59',0,NULL,NULL,1,NULL,25,'状态为: 分配',0),
 ('40288a472ee12bb9012ee14cee4e000d',0,35,2,1,25,'新提交问题','40288a472ee12bb9012ee134bf530003','2011-03-23 17:40:59',0,NULL,NULL,2,NULL,25,'状态为: 分配',0),
 ('40288a472ee12bb9012ee14cee4e000d',0,33,3,1,25,'新提交问题','40288a472ee12bb9012ee134bf530003','2011-03-23 17:41:28',0,NULL,NULL,3,NULL,25,'状态为: 分配',0),
 ('40288a472ee12bb9012ee14cee4e000d',0,33,3,4,10,'','40288a472ee120fb012ee1243be90001','2011-03-23 17:42:12',0,NULL,NULL,4,NULL,25,'(分配问题)把状态从:分配修改为:待改;设置开发人员为:dev1(研发一)',1),
 ('40288a472ee12bb9012ee14cee4e000d',0,NULL,2,4,10,'批量分配原始状态为分配或重分配','40288a472ee120fb012ee1243be90001','2011-03-23 18:00:30',0,NULL,NULL,5,NULL,25,'把状态为设置为:待改;开发人员设置为:dev1(研发一)',1),
 ('40288a472ee12bb9012ee14cee4e000d',0,NULL,1,4,10,'批量分配原始状态为分配或重分配','40288a472ee120fb012ee1243be90001','2011-03-23 18:00:30',0,NULL,NULL,6,NULL,25,'把状态为设置为:待改;开发人员设置为:dev1(研发一)',1),
 ('40288a472ee12bb9012ee14cee4e000d',0,33,4,1,25,'新提交问题','40288a472ee12bb9012ee134bf630004','2011-03-23 20:32:00',0,NULL,NULL,7,NULL,25,'状态为: 分配',0),
 ('40288a472ee12bb9012ee14cee4e000d',0,35,5,1,25,'新提交问题','40288a472ee12bb9012ee134bf630004','2011-03-23 20:32:25',0,NULL,NULL,8,NULL,25,'状态为: 分配',0),
 ('40288a472ee12bb9012ee14cee4e000d',0,NULL,5,4,10,'批量分配原始状态为分配或重分配','40288a472ee120fb012ee1243be90001','2011-03-23 20:34:10',0,NULL,NULL,9,NULL,25,'把状态为设置为:待改;开发人员设置为:dev22(研发二二)',1),
 ('40288a472ee12bb9012ee14cee4e000d',0,NULL,4,4,10,'批量分配原始状态为分配或重分配','40288a472ee120fb012ee1243be90001','2011-03-23 20:34:10',0,NULL,NULL,10,NULL,25,'把状态为设置为:待改;开发人员设置为:dev22(研发二二)',1),
 ('40288a472ee12bb9012ee14cee4e000d',0,34,6,1,25,'新提交问题','40288a472ee12bb9012ee134bf630005','2011-03-23 20:38:57',0,NULL,NULL,11,NULL,25,'状态为: 分配',0),
 ('40288a472ee12bb9012ee14cee4e000d',0,35,7,1,25,'新提交问题','40288a472ee12bb9012ee134bf630005','2011-03-23 20:39:27',0,NULL,NULL,12,NULL,25,'状态为: 分配',0),
 ('40288a472ee12bb9012ee14cee4e000d',0,NULL,7,4,10,'批量分配原始状态为分配或重分配','40288a472ee120fb012ee1243be90001','2011-03-23 20:42:51',0,NULL,NULL,13,NULL,25,'把状态为设置为:待改;开发人员设置为:dev22(研发二二)',1),
 ('40288a472ee12bb9012ee14cee4e000d',0,NULL,6,4,10,'批量分配原始状态为分配或重分配','40288a472ee120fb012ee1243be90001','2011-03-23 20:48:44',0,NULL,NULL,14,NULL,25,'把状态为设置为:待改;开发人员设置为:dev22(研发二二)',1),
 ('40288a472ee12bb9012ee14cee4e000d',0,36,8,1,25,'新提交问题','40288a472ee12bb9012ee134bf630005','2011-03-23 20:58:04',0,NULL,NULL,15,NULL,25,'状态为: 分配',0),
 ('40288a472ee12bb9012ee14cee4e000d',0,35,9,1,25,'新提交问题','40288a472ee12bb9012ee134bf630005','2011-03-23 20:59:03',0,NULL,NULL,16,NULL,25,'状态为: 分配',0),
 ('40288a472ee12bb9012ee14cee4e000d',0,NULL,9,4,10,'批量分配原始状态为分配或重分配','40288a472ee120fb012ee1243be90001','2011-03-23 20:59:41',0,NULL,NULL,17,NULL,25,'把状态为设置为:待改;开发人员设置为:dev22(研发二二)',1),
 ('40288a472ee12bb9012ee14cee4e000d',0,NULL,8,4,10,'批量分配原始状态为分配或重分配','40288a472ee120fb012ee1243be90001','2011-03-23 20:59:41',0,NULL,NULL,18,NULL,25,'把状态为设置为:待改;开发人员设置为:dev22(研发二二)',1),
 ('40288a472ee12bb9012ee14cee4e000d',0,34,10,1,25,'新提交问题','1289630248984','2011-03-23 21:07:33',0,NULL,NULL,19,NULL,25,'状态为: 分配',0),
 ('40288a472ee12bb9012ee14cee4e000d',0,34,10,4,10,'取消分配流程','1289630248984','2011-03-23 21:07:44',0,NULL,NULL,20,NULL,25,'把状态从分配改为待改',1),
 ('40288a472ee12bb9012ee14cee4e000d',0,36,11,1,1,'新提交问题','1289630248984','2011-03-23 21:09:33',0,NULL,NULL,21,NULL,1,'状态为: 待置',0),
 ('40288a472ee12bb9012ee14cee4e000d',0,35,12,1,1,'新提交问题','1289630248984','2011-03-23 21:09:55',0,NULL,NULL,22,NULL,1,'状态为: 待置',0),
 ('40288a472ee12bb9012ee14cee4e000d',0,36,11,2,24,'','40288a472ee12bb9012ee13778490009','2011-03-23 21:11:05',0,NULL,NULL,23,NULL,1,'(测试互验)把状态从:待置修改为:分析;设置分析人为:devMonitor(研发总监)',0),
 ('40288a472ee12bb9012ee14cee4e000d',0,36,13,1,1,'新提交问题','40288a472ee12bb9012ee13778490009','2011-03-23 21:12:22',0,NULL,NULL,24,NULL,1,'状态为: 待置',0),
 ('40288a472ee12bb9012ee14cee4e000d',0,36,13,2,24,'','40288a472ee12bb9012ee13778490009','2011-03-23 21:12:42',0,NULL,NULL,25,NULL,1,'把状态从:待置修改为:分析;设置分析人为:devMonitor(研发总监)',0),
 ('40288a472ee12bb9012ee14cee4e000d',0,36,13,3,25,'','40288a472ee12bb9012ee14504ea000c','2011-03-23 21:13:32',0,NULL,NULL,26,NULL,24,'(分析问题)把状态从:分析修改为:分配;设置分配人为:devMgr(研发经理)',0),
 ('40288a472ee12bb9012ee14cee4e000d',0,36,14,1,1,'新提交问题','40288a472ee120fb012ee1243be90001','2011-03-23 21:14:57',0,NULL,NULL,27,NULL,1,'状态为: 待置',0),
 ('40288a472ee12bb9012ee14cee4e000d',0,36,11,3,25,'取消分析流程','1289630248984','2011-03-23 21:16:06',0,NULL,NULL,28,NULL,24,'把状态从分析改为分配',0),
 ('40288a472ee12bb9012ee14cee4e000d',0,36,11,4,10,'取消分配流程','1289630248984','2011-03-23 21:17:04',0,NULL,NULL,29,NULL,25,'把状态从分配改为待改',0),
 ('40288a472ee12bb9012ee14cee4e000d',0,35,12,4,10,'取消分配流程','1289630248984','2011-03-23 21:17:04',0,NULL,NULL,30,NULL,25,'把状态从分配改为待改',0),
 ('40288a472ee12bb9012ee14cee4e000d',0,36,13,4,10,'取消分配流程','1289630248984','2011-03-23 21:17:04',0,NULL,NULL,31,NULL,25,'把状态从分配改为待改',0),
 ('40288a472ee12bb9012ee14cee4e000d',0,36,14,4,10,'取消分配流程','1289630248984','2011-03-23 21:17:04',0,NULL,NULL,32,NULL,25,'把状态从分配改为待改',1),
 ('40288a472ee12bb9012ee14cee4e000d',0,36,11,5,18,'','40288a472ee12bb9012ee13778490007','2011-03-23 21:18:57',0,NULL,NULL,33,NULL,10,'(修改在版本:v2)(修改问题)把状态从:待改修改为:交叉验证;把开发人员从:研发二二改为:dev1(研发一)',1),
 ('40288a472ee12bb9012ee14cee4e000d',0,35,12,5,18,'','40288a472ee12bb9012ee13778490007','2011-03-23 21:19:07',0,NULL,NULL,34,NULL,10,'(修改在版本:v2)(修改问题)把状态从:待改修改为:交叉验证;把开发人员从:研发二二改为:dev1(研发一)',0),
 ('40288a472ee12bb9012ee14cee4e000d',0,36,13,5,18,'','40288a472ee12bb9012ee13778490007','2011-03-23 21:20:53',0,NULL,NULL,35,NULL,10,'(修改在版本:v2)(修改问题)把状态从:待改修改为:交叉验证;把开发人员从:研发二二改为:dev1(研发一)',0),
 ('40288a472ee12bb9012ee14cee4e000d',0,36,13,6,13,'','40288a472ee12bb9012ee134bf150001','2011-03-23 21:22:51',0,NULL,NULL,36,NULL,18,'(修改在版本:v2)(开发互检)把状态从:交叉验证修改为:已改',0),
 ('40288a472ee12bb9012ee14cee4e000d',0,36,13,1,9,'sss','40288a472ee12bb9012ee134bf150001','2011-03-23 21:23:18',0,NULL,NULL,37,NULL,18,'(校验在版本:v2)把状态从:已改修改为:待改/未解决;把开发人员从:研发一改为:dev22(研发二二)',1),
 ('40288a472ee12bb9012ee14cee4e000d',0,35,12,6,13,'','40288a472ee12bb9012ee134bf150001','2011-03-23 21:24:24',0,NULL,NULL,38,NULL,18,'(修改在版本:v2)(开发互检)把状态从:交叉验证修改为:已改;把测试人员从:测试一一改为:testMgr(测试经理)',0),
 ('40288a472ee12bb9012ee14cee4e000d',0,35,12,1,9,'sss','40288a472ee12bb9012ee134bf530003','2011-03-23 21:26:14',0,NULL,NULL,39,NULL,13,'(校验在版本:v2)把状态从:已改修改为:待改/未解决',0),
 ('40288a472ee12bb9012ee14cee4e000d',0,35,12,1,14,'sss','40288a472ee12bb9012ee134bf530003','2011-03-23 21:26:23',0,NULL,NULL,40,NULL,13,'(关闭在版本:v2)把状态从:待改/未解决修改为:关闭/己解决',1),
 ('40288a472ee12bb9012ee14cee4e000d',0,36,15,1,25,'新提交问题','40288a472ee12bb9012ee134bf530003','2011-03-23 21:28:00',0,NULL,NULL,41,NULL,25,'状态为: 分配',1),
 ('40288a472ee12bb9012ee14cee4e000d',0,35,16,1,25,'新提交问题','40288a472ee12bb9012ee134bf530003','2011-03-23 22:43:23',0,NULL,NULL,42,NULL,25,'状态为: 分配',1),
 ('40288a472ee12bb9012ee14cee4e000d',0,38,17,1,25,'新提交问题','40288a472ee12bb9012ee134bf530003','2011-03-23 23:04:44',0,NULL,NULL,43,NULL,25,'状态为: 分配',1),
 ('40288a472ee12bb9012ee14cee4e000d',0,35,18,1,25,'新提交问题','40288a472ee12bb9012ee134bf530003','2011-03-23 23:13:45',0,NULL,NULL,44,NULL,25,'状态为: 分配',1),
 ('40288a472ee12bb9012ee14cee4e000d',0,38,19,1,25,'新提交问题','40288a472ee12bb9012ee134bf530003','2011-03-23 23:15:47',0,NULL,NULL,45,NULL,25,'状态为: 分配',1),
 ('40288a472ee12bb9012ee14cee4e000d',0,38,20,1,25,'新提交问题','40288a472ee12bb9012ee134bf530003','2011-03-23 23:17:23',0,NULL,NULL,46,NULL,25,'状态为: 分配',1),
 ('40288a472ee12bb9012ee14cee4e000d',0,38,20,4,10,'','40288a472ee120fb012ee1243be90001','2011-03-24 03:07:22',0,NULL,NULL,47,NULL,25,'(分配问题)把状态从:分配修改为:待改;设置开发人员为:dev1(研发一)',1),
 ('40288a472ee12bb9012ee14cee4e000d',0,38,19,4,10,'','40288a472ee120fb012ee1243be90001','2011-03-24 03:07:31',0,NULL,NULL,48,NULL,25,'(分配问题)把状态从:分配修改为:待改;设置开发人员为:dev1(研发一)',0),
 ('40288a472ee12bb9012ee14cee4e000d',0,38,19,5,18,'','40288a472ee12bb9012ee134bf150001','2011-03-24 03:08:43',0,NULL,NULL,49,NULL,10,'(修改在版本:v2)(修改问题)把状态从:待改修改为:交叉验证;把开发人员从:研发一改为:dev2(研发二)',0),
 ('40288a472ee12bb9012ee14cee4e000d',0,38,19,6,13,'','40288a472ee12bb9012ee134bf530002','2011-03-24 03:09:16',0,NULL,NULL,50,NULL,18,'(修改在版本:v2)(开发互检)把状态从:交叉验证修改为:已改',0),
 ('40288a472ee12bb9012ee14cee4e000d',0,38,19,1,14,'','40288a472ee12bb9012ee134bf530003','2011-03-24 03:15:10',0,NULL,NULL,51,NULL,13,'(关闭在版本:v2)把状态从:已改修改为:关闭/己解决',1),
 ('40288a472ee12bb9012ee14cee4e000d',0,35,21,1,1,'新提交问题','1289630248984','2011-03-25 22:42:45',0,NULL,NULL,52,NULL,1,'状态为: 待置',0),
 ('40288a472ee12bb9012ee14cee4e000d',0,35,21,2,25,'取消测试互验流程','1289630248984','2011-03-25 22:47:57',0,NULL,NULL,53,NULL,1,'把状态从待置改为分配',1),
 ('40288a472ee12bb9012ee14cee4e000d',0,35,22,1,25,'新提交问题','1289630248984','2011-03-25 22:48:36',0,NULL,NULL,54,NULL,25,'状态为: 分配',1),
 ('40288a472ee12bb9012ee14cee4e000d',0,34,23,1,25,'新提交问题','1289630248984','2011-03-25 23:47:25',0,NULL,NULL,55,NULL,25,'状态为: 分配',1),
 ('40288a472ee12bb9012ee14cee4e000d',0,34,24,1,25,'新提交问题','1289630248984','2011-03-25 23:50:53',0,NULL,NULL,56,NULL,25,'状态为: 分配',1),
 ('40288a472ee12bb9012ee14cee4e000d',0,35,25,1,25,'新提交问题','1289630248984','2011-03-25 23:52:47',0,NULL,NULL,57,NULL,25,'状态为: 分配',1),
 ('40288a472ee12bb9012ee14cee4e000d',0,34,26,1,25,'新提交问题','1289630248984','2011-03-25 23:55:19',0,NULL,NULL,58,NULL,25,'状态为: 分配',1),
 ('40288a472ee12bb9012ee14cee4e000d',0,35,27,1,25,'新提交问题','1289630248984','2011-03-26 13:12:24',0,NULL,NULL,59,NULL,25,'状态为: 分配',1),
 ('40288a472ee12bb9012ee14cee4e000d',0,36,28,1,25,'新提交问题','1289630248984','2011-03-26 13:13:12',0,NULL,NULL,60,NULL,25,'状态为: 分配',1),
 ('40288a472ee12bb9012ee14cee4e000d',0,34,29,1,25,'新提交问题','1289630248984','2011-03-26 13:27:01',0,NULL,NULL,61,NULL,25,'状态为: 分配',1),
 ('40288a472ee12bb9012ee14cee4e000d',0,35,30,1,25,'新提交问题','1289630248984','2011-03-26 13:38:28',0,NULL,NULL,62,NULL,25,'状态为: 分配',1),
 ('40288a472ee12bb9012ee14cee4e000d',0,34,31,1,25,'新提交问题','1289630248984','2011-04-02 16:09:56',0,NULL,NULL,63,NULL,25,'状态为: 分配',1),
 ('40288a472ee12bb9012ee14cee4e000d',0,36,32,1,25,'新提交问题','1289630248984','2011-04-02 16:15:01',0,NULL,NULL,64,NULL,25,'状态为: 分配',1);
/*!40000 ALTER TABLE `t_bughandhistory` ENABLE KEYS */;


--
-- Definition of table `t_bugstateinfo`
--

DROP TABLE IF EXISTS `t_bugstateinfo`;
CREATE TABLE `t_bugstateinfo` (
  `STATEID` bigint(20) NOT NULL DEFAULT '0',
  `STATENAME` varchar(50) NOT NULL,
  `INSDATE` date DEFAULT NULL,
  PRIMARY KEY (`STATEID`)
) ENGINE=InnoDB DEFAULT CHARSET=utf8;

--
-- Dumping data for table `t_bugstateinfo`
--

/*!40000 ALTER TABLE `t_bugstateinfo` DISABLE KEYS */;
/*!40000 ALTER TABLE `t_bugstateinfo` ENABLE KEYS */;


--
-- Definition of table `t_bugtype`
--

DROP TABLE IF EXISTS `t_bugtype`;
CREATE TABLE `t_bugtype` (
  `TYPE_NAME` varchar(30) DEFAULT NULL,
  `TYPE_ID` bigint(20) NOT NULL,
  `COMP_ID` varchar(32) NOT NULL,
  PRIMARY KEY (`TYPE_ID`)
) ENGINE=InnoDB DEFAULT CHARSET=utf8;

--
-- Dumping data for table `t_bugtype`
--

/*!40000 ALTER TABLE `t_bugtype` DISABLE KEYS */;
/*!40000 ALTER TABLE `t_bugtype` ENABLE KEYS */;


--
-- Definition of table `t_case_bug_rela`
--

DROP TABLE IF EXISTS `t_case_bug_rela`;
CREATE TABLE `t_case_bug_rela` (
  `TASK_ID` varchar(32) DEFAULT NULL,
  `TESTCASEID` bigint(20) NOT NULL,
  `BUGCARDID` bigint(20) NOT NULL,
  `INSDATE` date DEFAULT NULL,
  `INSUSEID` varchar(32) DEFAULT NULL,
  `BUG_CASE_RELA_ID` bigint(20) NOT NULL AUTO_INCREMENT,
  PRIMARY KEY (`BUG_CASE_RELA_ID`)
) ENGINE=InnoDB AUTO_INCREMENT=11 DEFAULT CHARSET=utf8;

--
-- Dumping data for table `t_case_bug_rela`
--

/*!40000 ALTER TABLE `t_case_bug_rela` DISABLE KEYS */;
INSERT INTO `t_case_bug_rela` (`TASK_ID`,`TESTCASEID`,`BUGCARDID`,`INSDATE`,`INSUSEID`,`BUG_CASE_RELA_ID`) VALUES 
 (NULL,7,12,NULL,'40288a472ee12bb9012ee134bf530003',1),
 (NULL,10,15,NULL,NULL,2),
 (NULL,10,8,NULL,NULL,3),
 (NULL,10,11,NULL,NULL,4),
 (NULL,14,15,NULL,'40288a472ee12bb9012ee134bf530003',5),
 (NULL,7,16,NULL,'40288a472ee12bb9012ee134bf530003',6),
 (NULL,8,16,NULL,'40288a472ee12bb9012ee134bf530003',7),
 (NULL,9,16,NULL,'40288a472ee12bb9012ee134bf530003',8),
 (NULL,12,16,NULL,'40288a472ee12bb9012ee134bf530003',9),
 (NULL,15,7,NULL,NULL,10);
/*!40000 ALTER TABLE `t_case_bug_rela` ENABLE KEYS */;


--
-- Definition of table `t_company`
--

DROP TABLE IF EXISTS `t_company`;
CREATE TABLE `t_company` (
  `TYPE` int(2) DEFAULT '0',
  `COMPSIZE` int(5) DEFAULT '0',
  `STATUS` int(2) DEFAULT '0',
  `OWNER` varchar(32) NOT NULL,
  `OWNEREMAIL` varchar(32) NOT NULL,
  `OWNERTEL` varchar(20) DEFAULT '',
  `TELEPHONE` varchar(20) DEFAULT '',
  `FAX` varchar(20) DEFAULT NULL,
  `ADDRESS` varchar(255) DEFAULT NULL,
  `URL` varchar(255) DEFAULT NULL,
  `STARTTIME` timestamp NOT NULL DEFAULT CURRENT_TIMESTAMP ON UPDATE CURRENT_TIMESTAMP,
  `ENDTIME` timestamp NOT NULL DEFAULT '0000-00-00 00:00:00',
  `EXTENDTIME` timestamp NOT NULL DEFAULT '0000-00-00 00:00:00',
  `ID` varchar(32) NOT NULL,
  `NAME` varchar(50) NOT NULL,
  `REMARK` varchar(150) DEFAULT NULL,
  `INSERTDATE` timestamp NOT NULL DEFAULT '0000-00-00 00:00:00',
  `UPDATEDATE` timestamp NOT NULL DEFAULT '0000-00-00 00:00:00',
  `LOGINID` varchar(15) DEFAULT NULL,
  `DELFLAG` int(1) DEFAULT NULL,
  `KNOW_WAY` int(1) DEFAULT NULL,
  `ACCOUNT_TYPE` int(1) DEFAULT NULL,
  `REGIS_IP` varchar(50) DEFAULT NULL,
  `DOC_ROOT_ID` bigint(20) unsigned DEFAULT NULL,
  `DOC_PRO_ROOT_ID` bigint(20) unsigned DEFAULT NULL,
  PRIMARY KEY (`ID`)
) ENGINE=InnoDB DEFAULT CHARSET=utf8;

--
-- Dumping data for table `t_company`
--

/*!40000 ALTER TABLE `t_company` DISABLE KEYS */;
INSERT INTO `t_company` (`TYPE`,`COMPSIZE`,`STATUS`,`OWNER`,`OWNEREMAIL`,`OWNERTEL`,`TELEPHONE`,`FAX`,`ADDRESS`,`URL`,`STARTTIME`,`ENDTIME`,`EXTENDTIME`,`ID`,`NAME`,`REMARK`,`INSERTDATE`,`UPDATEDATE`,`LOGINID`,`DELFLAG`,`KNOW_WAY`,`ACCOUNT_TYPE`,`REGIS_IP`,`DOC_ROOT_ID`,`DOC_PRO_ROOT_ID`) VALUES 
 (0,0,0,'admin','test@111.com','','',NULL,NULL,NULL,'2010-11-13 14:37:28','0000-00-00 00:00:00','0000-00-00 00:00:00','1289630248328','compName',NULL,'0000-00-00 00:00:00','0000-00-00 00:00:00',NULL,NULL,NULL,NULL,NULL,NULL,NULL),
 (1,2,1,'ldoc','ldoc@hhh.com','','oooooo','','llllllllll','','2010-04-13 00:07:18','2010-04-13 00:07:18','2010-04-13 00:07:18','402880e927f2c4280127f2c5e67b0001','llll','llllllllllllllllllllll','2010-04-13 00:06:36','2010-04-13 00:07:18','ldoc',0,1,1,'127.0.0.1',NULL,NULL),
 (2,2,1,'yyy','4444@ddd.com','','yyyy','','6666','','2010-04-13 00:15:30','2010-04-13 00:15:30','2010-04-13 00:15:30','402880e927f2cc020127f2cdd2500001','rrrrr','rrr','2010-04-13 00:14:52','2010-04-13 00:15:30','yyy',0,1,1,'127.0.0.1',NULL,NULL),
 (2,2,1,'ggg','ggggg@eee.com','','ggg','','ggg','ggg','2010-04-13 00:18:41','2010-04-13 00:18:41','2010-04-13 00:18:41','402880e927f2cc020127f2d0b4c70004','gggggggg','gg','2010-04-13 00:16:28','2010-04-13 00:18:41','gggg',0,1,1,'127.0.0.1',NULL,NULL),
 (1,1,1,'ggggggggg','rfgytttttr@rrr.com','','ggg','','ggg','','2010-04-13 11:06:33','2010-04-13 11:06:33','2010-04-13 11:06:33','402880e927f51c570127f52100f30001','ggggg','gggg','2010-04-13 11:05:22','2010-04-13 11:06:33','tyuiopoppo',0,1,1,'127.0.0.1',NULL,NULL),
 (1,2,1,'aaaa','aaaaaaa@eee.com','','aaaa','','aaa','','2010-04-13 11:14:40','2010-04-13 11:14:40','2010-04-13 11:14:40','402880e927f527b20127f5293de60001','aaaaa','aaa','2010-04-13 11:14:28','2010-04-13 11:14:40','aaaaaa',0,1,1,'127.0.0.1',61,NULL),
 (2,4,1,'ffff','11111133@ddd.com','','dddd','','ddd','','2010-04-24 16:49:35','2010-04-24 16:49:35','2010-04-24 16:49:35','40288adf282efe3d01282f01a0bd0001','dddddd','ddd','2010-04-24 16:48:37','2010-04-24 16:49:35','ffffff',0,1,1,'127.0.0.1',86,87),
 (1,2,1,'rrrrrr','ffffwww@eee.com','','rrr','','rrrrr','','2010-04-24 16:53:07','2010-04-24 16:53:07','2010-04-24 16:53:07','40288adf282efe3d01282f0516b90004','fffff','ffffff','2010-04-24 16:52:44','2010-04-24 16:53:07','rrrr',0,1,1,'127.0.0.1',88,89),
 (2,2,1,'liuyg','ddddd@33.com','','ddd','','ddd','','2010-04-24 17:02:23','2010-04-24 17:02:23','2010-04-24 17:02:23','40288adf282efe3d01282f0c00dd0007','ffftttt','dddd','2010-04-24 17:00:00','2010-04-24 17:02:23','liuyg',0,1,1,'127.0.0.1',90,91),
 (1,4,1,'66666','66666@www.com','','66','','6666','','2010-04-24 17:25:11','2010-04-24 17:25:11','2010-04-24 17:25:11','40288adf282efe3d01282f21dabd000a','g666666','6666666','2010-04-24 17:24:23','2010-04-24 17:25:11','66666666',0,1,1,'127.0.0.1',95,96),
 (1,2,1,'yyyyy','yyyyy@www.com','','yyy','','yyy','','2010-04-24 17:26:31','2010-04-24 17:26:31','2010-04-24 17:26:31','40288adf282efe3d01282f23542e000d','yyyyyyyyyy','yyyyyy','2010-04-24 17:26:00','2010-04-24 17:26:31','yyyyyyy',0,1,1,'127.0.0.1',97,98),
 (1,3,1,'ttt','eeer@www.com','','ttt','','tt','','2010-04-24 17:30:29','2010-04-24 17:30:29','2010-04-24 17:30:29','40288adf282efe3d01282f25f46b0010','tttttttttttttt','ttt','2010-04-24 17:28:50','2010-04-24 17:30:29','ttttt@ssss',0,1,1,'127.0.0.1',99,100),
 (1,3,1,'lyglyge','3er4444@www.com','','88888','','rrr','','2010-04-24 18:54:10','2010-04-24 18:54:10','2010-04-24 18:54:10','40288adf282f711201282f72b1900001','ldlddddd','rrrr','2010-04-24 18:52:38','2010-04-24 18:54:10','youwei',0,1,1,'127.0.0.1',101,102),
 (2,3,1,'pmdemo','33333@www.com','','45777','','dddd','','2010-04-24 19:04:09','2010-04-24 19:04:09','2010-04-24 19:04:09','40288adf282f7a6d01282f7c68ce0001','pmdemo','pmdemo','2010-04-24 19:03:16','2010-04-24 19:04:09','pmdemo',0,1,1,'127.0.0.1',103,104);
/*!40000 ALTER TABLE `t_company` ENABLE KEYS */;


--
-- Definition of table `t_exe_history`
--

DROP TABLE IF EXISTS `t_exe_history`;
CREATE TABLE `t_exe_history` (
  `TASKID` varchar(32) DEFAULT NULL,
  `TEST_PHASE` tinyint(1) DEFAULT NULL,
  `MODULEID` tinyint(15) NOT NULL,
  `TESTCASEID` tinyint(15) NOT NULL,
  `TESTVER` tinyint(15) DEFAULT NULL,
  `TESTRESULT` tinyint(1) DEFAULT NULL,
  `TESTACTOR` varchar(32) DEFAULT NULL,
  `INSDATE` datetime DEFAULT NULL,
  `UPDDATE` datetime DEFAULT NULL,
  `RESULTID` tinyint(15) NOT NULL AUTO_INCREMENT,
  `TESTCONFIGID` tinyint(15) DEFAULT NULL,
  `REMARK` varchar(200) DEFAULT NULL,
  `SEQ` tinyint(3) DEFAULT NULL,
  `PLANT_FORM_ID` tinyint(15) DEFAULT NULL,
  `OPERA_TYPE` tinyint(1) DEFAULT NULL,
  PRIMARY KEY (`RESULTID`)
) ENGINE=InnoDB AUTO_INCREMENT=28 DEFAULT CHARSET=utf8;

--
-- Dumping data for table `t_exe_history`
--

/*!40000 ALTER TABLE `t_exe_history` DISABLE KEYS */;
INSERT INTO `t_exe_history` (`TASKID`,`TEST_PHASE`,`MODULEID`,`TESTCASEID`,`TESTVER`,`TESTRESULT`,`TESTACTOR`,`INSDATE`,`UPDDATE`,`RESULTID`,`TESTCONFIGID`,`REMARK`,`SEQ`,`PLANT_FORM_ID`,`OPERA_TYPE`) VALUES 
 ('40288a472ee12bb9012ee14cee4e000d',NULL,33,6,NULL,0,'1289630248984','2011-03-23 00:00:00',NULL,1,NULL,NULL,NULL,NULL,1),
 ('40288a472ee12bb9012ee14cee4e000d',NULL,35,7,NULL,0,'1289630248984','2011-03-23 00:00:00',NULL,2,NULL,NULL,NULL,NULL,1),
 ('40288a472ee12bb9012ee14cee4e000d',NULL,32,7,NULL,1,'40288a472ee12bb9012ee134bf530003','2011-03-23 00:00:00',NULL,3,NULL,'批量审批',NULL,NULL,3),
 ('40288a472ee12bb9012ee14cee4e000d',NULL,32,6,NULL,1,'40288a472ee12bb9012ee134bf530003','2011-03-23 00:00:00',NULL,4,NULL,'批量审批',NULL,NULL,3),
 ('40288a472ee12bb9012ee14cee4e000d',NULL,35,8,NULL,0,'40288a472ee12bb9012ee134bf530003','2011-03-23 00:00:00',NULL,5,NULL,NULL,NULL,NULL,1),
 ('40288a472ee12bb9012ee14cee4e000d',NULL,35,9,NULL,0,'40288a472ee12bb9012ee134bf530003','2011-03-23 00:00:00',NULL,6,NULL,NULL,NULL,NULL,1),
 ('40288a472ee12bb9012ee14cee4e000d',NULL,35,9,NULL,6,'40288a472ee12bb9012ee134bf530003','2011-03-23 00:00:00',NULL,7,NULL,'',NULL,NULL,3),
 ('40288a472ee12bb9012ee14cee4e000d',NULL,35,8,NULL,1,'40288a472ee12bb9012ee134bf530003','2011-03-23 00:00:00',NULL,8,NULL,'',NULL,NULL,3),
 ('40288a472ee12bb9012ee14cee4e000d',NULL,35,9,NULL,1,'40288a472ee12bb9012ee134bf530003','2011-03-23 00:00:00',NULL,9,NULL,'',NULL,NULL,3),
 ('40288a472ee12bb9012ee14cee4e000d',NULL,36,10,NULL,0,'40288a472ee12bb9012ee134bf530003','2011-03-23 00:00:00',NULL,10,NULL,NULL,NULL,NULL,1),
 ('40288a472ee12bb9012ee14cee4e000d',NULL,32,10,NULL,1,'40288a472ee12bb9012ee134bf530003','2011-03-23 00:00:00',NULL,11,NULL,'批量审批',NULL,NULL,3),
 ('40288a472ee12bb9012ee14cee4e000d',NULL,36,11,NULL,0,'40288a472ee12bb9012ee134bf530003','2011-03-23 17:38:31',NULL,12,NULL,NULL,NULL,NULL,1),
 ('40288a472ee12bb9012ee14cee4e000d',NULL,35,12,NULL,0,'40288a472ee12bb9012ee134bf150001','2011-03-23 21:25:38',NULL,13,NULL,NULL,NULL,NULL,1),
 ('40288a472ee12bb9012ee14cee4e000d',NULL,35,13,NULL,0,'40288a472ee12bb9012ee134bf530003','2011-03-23 21:26:58',NULL,14,NULL,NULL,NULL,NULL,1),
 ('40288a472ee12bb9012ee14cee4e000d',NULL,36,10,9,3,'40288a472ee12bb9012ee134bf530003','2011-03-23 22:08:17',NULL,15,NULL,'关联BUG自动生成测试结果',NULL,NULL,4),
 ('40288a472ee12bb9012ee14cee4e000d',NULL,36,14,NULL,1,'40288a472ee12bb9012ee134bf530003','2011-03-23 22:10:41',NULL,16,NULL,NULL,NULL,NULL,1),
 ('40288a472ee12bb9012ee14cee4e000d',NULL,36,10,9,3,'40288a472ee12bb9012ee134bf530003','2011-03-23 22:10:45',NULL,17,NULL,'关联用例自动生成测试结果',NULL,NULL,4),
 ('40288a472ee12bb9012ee14cee4e000d',NULL,36,14,9,3,'40288a472ee12bb9012ee134bf530003','2011-03-23 22:10:45',NULL,18,NULL,'关联用例自动生成测试结果',NULL,NULL,4),
 ('40288a472ee12bb9012ee14cee4e000d',NULL,35,13,NULL,1,'40288a472ee12bb9012ee134bf530003','2011-03-23 22:41:49',NULL,19,NULL,'',NULL,NULL,3),
 ('40288a472ee12bb9012ee14cee4e000d',NULL,32,12,NULL,1,'40288a472ee12bb9012ee134bf530003','2011-03-23 22:41:57',NULL,20,NULL,'批量审批',NULL,NULL,3),
 ('40288a472ee12bb9012ee14cee4e000d',NULL,32,11,NULL,1,'40288a472ee12bb9012ee134bf530003','2011-03-23 22:41:57',NULL,21,NULL,'批量审批',NULL,NULL,3),
 ('40288a472ee12bb9012ee14cee4e000d',NULL,35,7,9,3,'40288a472ee12bb9012ee134bf530003','2011-03-23 22:44:04',NULL,22,NULL,'关联用例自动生成测试结果',NULL,NULL,4),
 ('40288a472ee12bb9012ee14cee4e000d',NULL,35,8,9,3,'40288a472ee12bb9012ee134bf530003','2011-03-23 22:44:04',NULL,23,NULL,'关联用例自动生成测试结果',NULL,NULL,4),
 ('40288a472ee12bb9012ee14cee4e000d',NULL,35,9,9,3,'40288a472ee12bb9012ee134bf530003','2011-03-23 22:44:04',NULL,24,NULL,'关联用例自动生成测试结果',NULL,NULL,4),
 ('40288a472ee12bb9012ee14cee4e000d',NULL,35,12,9,3,'40288a472ee12bb9012ee134bf530003','2011-03-23 22:44:04',NULL,25,NULL,'关联用例自动生成测试结果',NULL,NULL,4),
 ('40288a472ee12bb9012ee14cee4e000d',NULL,35,15,NULL,1,'40288a472ee12bb9012ee134bf530003','2011-03-23 22:49:09',NULL,26,NULL,NULL,NULL,NULL,1),
 ('40288a472ee12bb9012ee14cee4e000d',NULL,35,15,8,3,'40288a472ee12bb9012ee134bf530003','2011-03-23 22:49:19',NULL,27,NULL,'关联BUG自动生成测试结果',NULL,NULL,4);
/*!40000 ALTER TABLE `t_exe_history` ENABLE KEYS */;


--
-- Definition of table `t_function`
--

DROP TABLE IF EXISTS `t_function`;
CREATE TABLE `t_function` (
  `FUNCTIONID` varchar(32) NOT NULL,
  `FUNCTIONNAME` varchar(40) DEFAULT NULL,
  `PARENTID` varchar(20) DEFAULT NULL,
  `LEVELNUM` int(2) DEFAULT '0',
  `ISLEAF` int(1) DEFAULT '0',
  `METHODS` varchar(200) DEFAULT NULL,
  `SEQ` bigint(11) DEFAULT '0',
  `URL` varchar(300) DEFAULT NULL,
  `INSERTDATE` timestamp NOT NULL DEFAULT CURRENT_TIMESTAMP ON UPDATE CURRENT_TIMESTAMP,
  `UPDATEDATE` timestamp NOT NULL DEFAULT '0000-00-00 00:00:00',
  `PAGE` varchar(60) DEFAULT NULL,
  `SECURITY_URL` varchar(200) DEFAULT NULL,
  PRIMARY KEY (`FUNCTIONID`)
) ENGINE=InnoDB DEFAULT CHARSET=utf8;

--
-- Dumping data for table `t_function`
--

/*!40000 ALTER TABLE `t_function` DISABLE KEYS */;
INSERT INTO `t_function` (`FUNCTIONID`,`FUNCTIONNAME`,`PARENTID`,`LEVELNUM`,`ISLEAF`,`METHODS`,`SEQ`,`URL`,`INSERTDATE`,`UPDATEDATE`,`PAGE`,`SECURITY_URL`) VALUES 
 ('1','系统管理','-1',1,0,NULL,1,'','2010-11-13 14:37:29','0000-00-00 00:00:00','0',''),
 ('100','修改','87',2,1,NULL,100,'','2010-11-13 14:37:29','0000-00-00 00:00:00','0','caseManagerAction!upInit;loadCase'),
 ('101','删除','87',2,1,NULL,101,'','2010-11-13 14:37:29','0000-00-00 00:00:00','0','caseManagerAction!delCase;loadCase'),
 ('102','执行','87',2,1,NULL,102,'','2010-11-13 14:37:29','0000-00-00 00:00:00','0','caseManagerAction!exeCase;loadCase'),
 ('103','审核','87',2,1,NULL,103,'','2010-11-13 14:37:29','0000-00-00 00:00:00','0','caseManagerAction!auditCase;loadCase'),
 ('104','执行记录','87',2,1,NULL,104,'','2010-11-13 14:37:29','0000-00-00 00:00:00','0','caseManagerAction!viewHistory;loadCase'),
 ('105','最近执行的用例','-1',1,0,NULL,105,'/caseManager/caseManagerAction!lastExeCase.action','2010-11-13 14:37:29','0000-00-00 00:00:00','0',''),
 ('106','查看','105',2,1,NULL,106,'','2010-11-13 14:37:29','0000-00-00 00:00:00','0',''),
 ('107','缺陷管理','-1',1,0,NULL,107,'/bugManager/bugManagerAction!loadAllMyBug.action?dto.allTestTask=true','2010-11-16 03:21:17','0000-00-00 00:00:00','0',''),
 ('108','BUG列表','107',2,1,NULL,108,'','2010-11-13 14:37:29','0000-00-00 00:00:00','0','bugManagerAction!loadMyBug'),
 ('109','修改BUG','107',2,1,NULL,109,'','2010-11-13 14:37:29','0000-00-00 00:00:00','0','bugManagerAction!upInit;loadMyBug'),
 ('120','删除BUG','107',2,1,NULL,120,'','2010-11-13 14:37:29','0000-00-00 00:00:00','0','bugManagerAction!delete;loadMyBug'),
 ('121','消息管理','-1',1,0,NULL,121,'','2011-03-24 17:27:18','0000-00-00 00:00:00','0',''),
 ('122','消息维护','121',2,0,NULL,122,'/msgManager/commonMsgAction!loadMsg.action','2011-03-24 17:27:19','0000-00-00 00:00:00','0',''),
 ('123','发布','122',3,1,NULL,123,'','2011-03-24 17:27:19','0000-00-00 00:00:00','0','commonMsgAction!publish;loadMsg'),
 ('124','修改','122',3,1,NULL,124,'','2011-03-24 17:27:19','0000-00-00 00:00:00','0','commonMsgAction!upinit;loadMsg'),
 ('125','删除','122',3,1,NULL,125,'','2011-03-24 17:27:19','0000-00-00 00:00:00','0','commonMsgAction!delBroMsg;loadMsg'),
 ('126','接收消息','121',2,0,NULL,126,'/msgManager/commonMsgAction!loadRecevMsg.action','2011-03-24 17:27:19','0000-00-00 00:00:00','0',''),
 ('127','查看','126',3,1,NULL,127,'','2011-03-24 17:27:19','0000-00-00 00:00:00','0','commonMsgAction!loadRecevMsg'),
 ('128','发布消息','121',2,0,NULL,128,'/msgManager/commonMsgAction!loadSendMsg.action','2011-03-24 17:27:19','0000-00-00 00:00:00','0',''),
 ('129','查看','128',3,1,NULL,129,'','2011-03-24 17:27:19','0000-00-00 00:00:00','0','commonMsgAction!loadSendMsg'),
 ('140','发布','128',3,1,NULL,140,'','2011-03-24 17:27:19','0000-00-00 00:00:00','0','commonMsgAction!sendBroMsg;loadSendMsg'),
 ('141','修改','128',3,1,NULL,141,'','2011-03-24 17:27:19','0000-00-00 00:00:00','0','commonMsgAction!sendMsgUpInit;loadSendMsg'),
 ('142','删除','128',3,1,NULL,142,'','2011-03-24 17:27:19','0000-00-00 00:00:00','0','commonMsgAction!sendBroMsgDel;loadSendMsg'),
 ('143','分析度量','-1',1,0,NULL,143,'/analysis/analysisAction!goAnalysisMain.action','2011-03-24 17:27:19','0000-00-00 00:00:00','0',''),
 ('144','趋势分析','143',2,0,NULL,144,'bl','2011-03-24 17:27:19','0000-00-00 00:00:00','1',''),
 ('145','日编写用例趋势','144',3,0,NULL,145,'/singleTestTask/singleTestTaskAction!swTestTask4Report.action?dto.repTemplet=writeCaseDayTrend_750_540_wrCaseDate','2011-03-24 17:27:19','0000-00-00 00:00:00','1',''),
 ('146','查看','145',4,1,NULL,146,'','2011-03-24 17:27:19','0000-00-00 00:00:00','1','writeCaseDayTrend'),
 ('147','提交|打开|待处理|修改|关闭BUG趋势','144',3,0,NULL,147,'/singleTestTask/singleTestTaskAction!swTestTask4Report.action?dto.repTemplet=reptFixCloseDayTrend_750_540_bugDate','2011-03-24 17:27:19','0000-00-00 00:00:00','1',''),
 ('148','查看','147',4,1,NULL,148,'','2011-03-24 17:27:19','0000-00-00 00:00:00','1','reptFixCloseDayTrend'),
 ('149','开发人员日修改BUG趋势','144',3,0,NULL,149,'/singleTestTask/singleTestTaskAction!swTestTask4Report.action?dto.repTemplet=devDayFixTrend_750_540_bugDate','2011-03-24 17:27:19','0000-00-00 00:00:00','1',''),
 ('160','查看','149',4,1,NULL,160,'','2011-03-24 17:27:19','0000-00-00 00:00:00','1','devDayFixTrend'),
 ('161','日提交BUG趋势','144',3,0,NULL,161,'/singleTestTask/singleTestTaskAction!swTestTask4Report.action?dto.repTemplet=testerDayCommitTrend_750_540_bugDate','2011-03-24 17:27:19','0000-00-00 00:00:00','1',''),
 ('162','查看','161',4,1,NULL,162,'','2011-03-24 17:27:19','0000-00-00 00:00:00','1','testerDayCommitTrend'),
 ('163','日提交及BUG总数趋势','144',3,0,NULL,163,'/singleTestTask/singleTestTaskAction!swTestTask4Report.action?dto.repTemplet=commitExistBugDayStat_750_540_bugDate','2011-03-24 17:27:19','0000-00-00 00:00:00','1',''),
 ('164','查看','163',4,1,NULL,164,'','2011-03-24 17:27:19','0000-00-00 00:00:00','1','commitExistBugDayStat'),
 ('165','版本间提交及BUG总数趋势','144',3,0,NULL,165,'/singleTestTask/singleTestTaskAction!swTestTask4Report.action?dto.repTemplet=commitExistBugBuildStat_750_540','2011-03-24 17:27:19','0000-00-00 00:00:00','1',''),
 ('166','查看','165',4,1,NULL,166,'','2011-03-24 17:27:19','0000-00-00 00:00:00','1','commitExistBugBuildStat'),
 ('167','日执行用例趋势','144',3,0,NULL,167,'/singleTestTask/singleTestTaskAction!swTestTask4Report.action?dto.repTemplet=testerExeCaseDayTrend_750_540_exeCaseDate','2011-03-24 17:27:19','0000-00-00 00:00:00','1',''),
 ('168','查看','167',4,1,NULL,168,'','2011-03-24 17:27:19','0000-00-00 00:00:00','1','testerExeCaseDayTrend'),
 ('169','开发人员待改BUG统计','143',2,0,NULL,169,'/singleTestTask/singleTestTaskAction!swTestTask4Report.action?dto.repTemplet=bugFixPersonStat_750_540','2011-03-24 17:27:19','0000-00-00 00:00:00','1',''),
 ('180','查看','169',3,1,NULL,180,'','2011-03-24 17:27:19','0000-00-00 00:00:00','1','bugFixPersonStat'),
 ('181','测试人员提交BUG统计','143',2,0,NULL,181,'/singleTestTask/singleTestTaskAction!swTestTask4Report.action?dto.repTemplet=testerBugStat_750_540','2011-03-24 17:27:19','0000-00-00 00:00:00','1',''),
 ('182','查看','181',3,1,NULL,182,'','2011-03-24 17:27:19','0000-00-00 00:00:00','1','testerBugStat'),
 ('183','己关闭BUG按天龄期统计','143',2,0,NULL,183,'/singleTestTask/singleTestTaskAction!swTestTask4Report.action?dto.repTemplet=bugExistDayStat_750_540','2011-03-24 17:27:19','0000-00-00 00:00:00','1',''),
 ('184','查看','183',3,1,NULL,184,'','2011-03-24 17:27:19','0000-00-00 00:00:00','1','bugExistDayStat'),
 ('185','己关闭BUG按周龄期统计','143',2,0,NULL,185,'/singleTestTask/singleTestTaskAction!swTestTask4Report.action?dto.repTemplet=bugExistWeekStat_750_540','2011-03-24 17:27:19','0000-00-00 00:00:00','1',''),
 ('186','查看','185',3,1,NULL,186,'','2011-03-24 17:27:19','0000-00-00 00:00:00','1','bugExistWeekStat'),
 ('187','待处理BUG按天龄期统计','143',2,0,NULL,187,'/singleTestTask/singleTestTaskAction!swTestTask4Report.action?dto.repTemplet=bugExistDay4NoFixStat_750_540','2011-03-24 17:27:19','0000-00-00 00:00:00','1',''),
 ('188','查看','187',3,1,NULL,188,'','2011-03-24 17:27:19','0000-00-00 00:00:00','1','bugExistDay4NoFixStat'),
 ('189','待处理BUG按周龄期统计','143',2,0,NULL,189,'/singleTestTask/singleTestTaskAction!swTestTask4Report.action?dto.repTemplet=bugExistWeek4NoFixStat_750_540','2011-03-24 17:27:19','0000-00-00 00:00:00','1',''),
 ('2','用户管理','1',2,0,NULL,2,'','2010-11-13 14:37:29','0000-00-00 00:00:00','0',''),
 ('20','用户组管理','2',3,0,NULL,20,'/userManager/userManagerAction!groupList.action','2010-11-13 14:37:29','0000-00-00 00:00:00','0',''),
 ('200','查看','189',3,1,NULL,200,'','2011-03-24 17:27:19','0000-00-00 00:00:00','1','bugExistWeek4NoFixStat'),
 ('201','BUG类型统计','143',2,0,NULL,201,'/singleTestTask/singleTestTaskAction!swTestTask4Report.action?dto.repTemplet=bugTypeStat_750_540','2011-03-24 17:27:19','0000-00-00 00:00:00','1',''),
 ('202','查看','201',3,1,NULL,202,'','2011-03-24 17:27:19','0000-00-00 00:00:00','1','bugTypeStat'),
 ('203','BUG等级统计','143',2,0,NULL,203,'/singleTestTask/singleTestTaskAction!swTestTask4Report.action?dto.repTemplet=bugGradeStat_750_540','2011-03-24 17:27:19','0000-00-00 00:00:00','1',''),
 ('204','查看','203',3,1,NULL,204,'','2011-03-24 17:27:19','0000-00-00 00:00:00','1','bugGradeStat'),
 ('205','BUG引入阶段分析','143',2,0,NULL,205,'/singleTestTask/singleTestTaskAction!swTestTask4Report.action?dto.repTemplet=bugImpPhaseStat_750_540','2011-03-24 17:27:19','0000-00-00 00:00:00','1',''),
 ('206','查看','205',3,1,NULL,206,'','2011-03-24 17:27:19','0000-00-00 00:00:00','1','bugImpPhaseStat'),
 ('207','遗留BUG分析','143',2,0,NULL,207,'/singleTestTask/singleTestTaskAction!swTestTask4Report.action?dto.repTemplet=bugBequeathStat_750_540','2011-03-24 17:27:19','0000-00-00 00:00:00','1',''),
 ('208','查看','207',3,1,NULL,208,'','2011-03-24 17:27:19','0000-00-00 00:00:00','1','bugBequeathStat'),
 ('209','测试人员BUG质量分析','143',2,0,NULL,209,'/singleTestTask/singleTestTaskAction!swTestTask4Report.action?dto.repTemplet=testerBugQuality_750_540','2011-03-24 17:27:19','0000-00-00 00:00:00','1',''),
 ('21','浏览','20',4,1,NULL,21,'','2010-11-13 14:37:29','0000-00-00 00:00:00','0','userManagerAction!groupList'),
 ('22','新增','20',4,1,NULL,22,'','2010-11-13 14:37:29','0000-00-00 00:00:00','0','userManagerAction!addGroup;groupList'),
 ('220','查看','209',3,1,NULL,220,'','2011-03-24 17:27:19','0000-00-00 00:00:00','1','testerBugQuality'),
 ('221','BUG密度分析','143',2,0,NULL,221,'/singleTestTask/singleTestTaskAction!swTestTask4Report.action?dto.repTemplet=bugDensityStat_750_540','2011-03-24 17:27:19','0000-00-00 00:00:00','1',''),
 ('222','查看','221',3,1,NULL,222,'','2011-03-24 17:27:19','0000-00-00 00:00:00','1','bugDensityStat'),
 ('223','BUG模块分布统计','143',2,0,NULL,223,'/singleTestTask/singleTestTaskAction!swTestTask4Report.action?dto.repTemplet=bugModuleDistbuStat_750_540','2011-03-24 17:27:19','0000-00-00 00:00:00','1',''),
 ('224','查看','223',3,1,NULL,224,'','2011-03-24 17:27:19','0000-00-00 00:00:00','1','bugModuleDistbuStat'),
 ('225','BUG状态分布统计','143',2,0,NULL,225,'/singleTestTask/singleTestTaskAction!swTestTask4Report.action?dto.repTemplet=bugStatusDistbuStat_750_540','2011-03-24 17:27:19','0000-00-00 00:00:00','1',''),
 ('226','查看','225',3,1,NULL,226,'','2011-03-24 17:27:19','0000-00-00 00:00:00','1','bugStatusDistbuStat'),
 ('23','修改','20',4,1,NULL,23,'','2010-11-13 14:37:29','0000-00-00 00:00:00','0','userManagerAction!updGroup;groupList'),
 ('24','删除','20',4,1,NULL,24,'','2010-11-13 14:37:29','0000-00-00 00:00:00','0','userManagerAction!delGroup;groupList'),
 ('25','权限管理','1',2,0,NULL,25,'/role/roleAction!roleList.action','2010-11-13 14:37:29','0000-00-00 00:00:00','0',''),
 ('26','浏览','25',3,1,NULL,26,'','2010-11-13 14:37:29','0000-00-00 00:00:00','0','roleAction!roleList'),
 ('27','增加','25',3,1,NULL,27,'','2010-11-13 14:37:29','0000-00-00 00:00:00','0','roleAction!new;roleList'),
 ('28','修改','25',3,1,NULL,28,'','2010-11-13 14:37:29','0000-00-00 00:00:00','0','roleAction!update;roleList'),
 ('29','删除','25',3,1,NULL,29,'','2010-11-13 14:37:29','0000-00-00 00:00:00','0','roleAction!delete;roleList'),
 ('3','用户管理','2',3,0,NULL,3,'/userManager/userManagerAction!userList.action','2010-11-13 14:37:29','0000-00-00 00:00:00','0',''),
 ('4','浏览','3',4,1,NULL,4,'','2010-11-13 14:37:29','0000-00-00 00:00:00','0','userManagerAction!userList'),
 ('40','人员明细','25',3,1,NULL,40,'','2010-11-13 14:37:29','0000-00-00 00:00:00','0','roleAction!roleUserList;roleList'),
 ('41','人员设置','25',3,1,NULL,41,'','2010-11-13 14:37:29','0000-00-00 00:00:00','0','roleAction!userManager;roleList'),
 ('42','权限查看','25',3,1,NULL,42,'','2010-11-13 14:37:29','0000-00-00 00:00:00','0','roleAction!browserAuth;roleList'),
 ('43','权限设置','25',3,1,NULL,43,'','2010-11-13 14:37:29','0000-00-00 00:00:00','0','roleAction!grantRoleAuth;roleList'),
 ('44','测试基础数据设置','1',2,0,NULL,44,'/testBaseSet/testBaseSetAction!testBaseSetList.action','2010-11-13 14:37:29','0000-00-00 00:00:00','0',''),
 ('45','浏览','44',3,1,NULL,45,'','2010-11-13 14:37:29','0000-00-00 00:00:00','0','testBaseSetAction!testBaseSetList'),
 ('46','新建','44',3,1,NULL,46,'','2010-11-13 14:37:29','0000-00-00 00:00:00','0','testBaseSetAction!add;testBaseSetList'),
 ('47','修改','44',3,1,NULL,47,'','2010-11-13 14:37:29','0000-00-00 00:00:00','0','testBaseSetAction!update;testBaseSetList'),
 ('48','启用|停用','44',3,1,NULL,48,'','2010-11-13 14:37:29','0000-00-00 00:00:00','0','testBaseSetAction!swStatus;testBaseSetList'),
 ('49','删除','44',3,1,NULL,49,'','2010-11-13 14:37:29','0000-00-00 00:00:00','0','testBaseSetAction!delete;testBaseSetList'),
 ('5','新建','3',4,1,NULL,5,'','2010-11-13 14:37:29','0000-00-00 00:00:00','0','userManagerAction!addUser;userList'),
 ('50','修改个人信息','1',2,0,NULL,50,'/userManager/userManagerAction!setMyInfoInit.action,','2011-03-29 12:44:21','0000-00-00 00:00:00','0',''),
 ('51','允许修改','50',3,1,NULL,51,'userManagerAction!setMyInfoInit,','2011-03-29 12:51:02','0000-00-00 00:00:00','0',''),
 ('6','修改','3',4,1,NULL,6,'','2010-11-13 14:37:29','0000-00-00 00:00:00','0','userManagerAction!updUser;userList'),
 ('60','测试项目管理','-1',1,0,NULL,60,'/singleTestTask/singleTestTaskAction!magrTaskList.action','2010-11-13 14:37:29','0000-00-00 00:00:00','0',''),
 ('61','浏览','60',2,1,NULL,61,'','2010-11-13 14:37:29','0000-00-00 00:00:00','0','singleTestTaskAction!magrTaskList'),
 ('62','新建','60',2,1,NULL,62,'','2010-11-13 14:37:29','0000-00-00 00:00:00','0','singleTestTaskAction!add;magrTaskList'),
 ('63','修改','60',2,1,NULL,63,'','2010-11-13 14:37:29','0000-00-00 00:00:00','0','singleTestTaskAction!update;magrTaskList'),
 ('64','删除','60',2,1,NULL,64,'','2010-11-13 14:37:29','0000-00-00 00:00:00','0','singleTestTaskAction!delete;magrTaskList'),
 ('65','测试流程|版本 管理','-1',1,0,NULL,65,'/testTaskManager/testTaskManagerAction!flwSetInit.action','2010-11-13 14:37:29','0000-00-00 00:00:00','0',''),
 ('66','流程|版本 查看','65',2,1,NULL,66,'','2010-11-13 14:37:29','0000-00-00 00:00:00','0','testTaskManagerAction!flwSetInit'),
 ('67','流程|版本 设置','65',2,1,NULL,67,'','2010-11-13 14:37:29','0000-00-00 00:00:00','0','testTaskManagerAction!update;flwSetInit;'),
 ('68','测试需求管理','-1',1,0,NULL,68,'/outLineManager/outLineAction!index.action','2011-03-23 10:53:30','0000-00-00 00:00:00','0',''),
 ('69','浏览','68',2,1,NULL,69,'','2010-11-13 14:37:29','0000-00-00 00:00:00','0','outLineAction!initList'),
 ('7','切换状态','3',4,1,NULL,7,'','2010-11-13 14:37:29','0000-00-00 00:00:00','0','userManagerAction!swUserStatus;userList'),
 ('70','查看预估测试成本','68',2,1,NULL,70,'','2011-03-24 16:17:13','0000-00-00 00:00:00','0','cost_prediction'),
 ('8','密码重置','3',4,1,NULL,8,'','2010-11-13 14:37:29','0000-00-00 00:00:00','0','userManagerAction!update2Init;userList'),
 ('80','新建','68',2,1,NULL,80,'','2010-11-13 14:37:29','0000-00-00 00:00:00','0','outLineAction!addNodes;initList'),
 ('81','启用|停用','68',2,1,NULL,81,'','2010-11-13 14:37:29','0000-00-00 00:00:00','0','outLineAction!switchState;initList'),
 ('82','修改','68',2,1,NULL,82,'','2010-11-13 14:37:29','0000-00-00 00:00:00','0','outLineAction!updateNode;initList'),
 ('83','删除','68',2,1,NULL,83,'','2010-11-13 14:37:29','0000-00-00 00:00:00','0','outLineAction!deleteNode;initList'),
 ('84','移动','68',2,1,NULL,84,'','2010-11-13 14:37:29','0000-00-00 00:00:00','0','outLineAction!move;initList'),
 ('85','人员分配','68',2,1,NULL,85,'','2010-11-13 14:37:29','0000-00-00 00:00:00','0','outLineAction!asignPeople;initList'),
 ('86','提交测试','68',2,1,NULL,86,'','2010-11-13 14:37:29','0000-00-00 00:00:00','0','outLineAction!submitModule;initList'),
 ('87','测试用例管理','-1',1,0,NULL,87,'/caseManager/caseManagerAction!loadCase.action','2010-11-13 14:37:29','0000-00-00 00:00:00','0',''),
 ('88','浏览','87',2,1,NULL,88,'','2010-11-13 14:37:29','0000-00-00 00:00:00','0','caseManagerAction!loadCase'),
 ('89','新建','87',2,1,NULL,89,'','2010-11-13 14:37:29','0000-00-00 00:00:00','0','caseManagerAction!addInit;loadCase'),
 ('9','删除','3',4,1,NULL,9,'','2010-11-13 14:37:29','0000-00-00 00:00:00','0','userManagerAction!ldeleteUser;userList');
/*!40000 ALTER TABLE `t_function` ENABLE KEYS */;


--
-- Definition of table `t_group`
--

DROP TABLE IF EXISTS `t_group`;
CREATE TABLE `t_group` (
  `ID` varchar(32) NOT NULL,
  `NAME` varchar(32) NOT NULL,
  `ADMINFLAG` int(1) NOT NULL DEFAULT '0',
  `REMARK` varchar(255) DEFAULT NULL,
  `COMPANYID` varchar(32) DEFAULT NULL,
  `INSERTDATE` timestamp NOT NULL DEFAULT CURRENT_TIMESTAMP ON UPDATE CURRENT_TIMESTAMP,
  `UPDATEDATE` timestamp NOT NULL DEFAULT '0000-00-00 00:00:00',
  PRIMARY KEY (`ID`)
) ENGINE=InnoDB DEFAULT CHARSET=utf8;

--
-- Dumping data for table `t_group`
--

/*!40000 ALTER TABLE `t_group` DISABLE KEYS */;
INSERT INTO `t_group` (`ID`,`NAME`,`ADMINFLAG`,`REMARK`,`COMPANYID`,`INSERTDATE`,`UPDATEDATE`) VALUES 
 ('40288a472dc0b415012dc0b5022c0002','开发组',0,'','1289630248328','2011-01-26 13:04:04','2011-01-26 13:04:04'),
 ('40288afd2c44134c012c4414bacf0003','测试组',0,'','1289630248328','2010-11-13 15:13:18','2010-11-13 15:13:18');
/*!40000 ALTER TABLE `t_group` ENABLE KEYS */;


--
-- Definition of table `t_log_config`
--

DROP TABLE IF EXISTS `t_log_config`;
CREATE TABLE `t_log_config` (
  `ID` varchar(32) NOT NULL,
  `TITLE` varchar(20) DEFAULT NULL,
  `METHOD` varchar(40) DEFAULT NULL,
  `ARGS` varchar(120) DEFAULT NULL,
  PRIMARY KEY (`ID`)
) ENGINE=InnoDB DEFAULT CHARSET=utf8;

--
-- Dumping data for table `t_log_config`
--

/*!40000 ALTER TABLE `t_log_config` DISABLE KEYS */;
/*!40000 ALTER TABLE `t_log_config` ENABLE KEYS */;


--
-- Definition of table `t_loginfo`
--

DROP TABLE IF EXISTS `t_loginfo`;
CREATE TABLE `t_loginfo` (
  `CALLNUMBER` varchar(13) DEFAULT NULL,
  `INFOCODE` varchar(13) DEFAULT NULL,
  `LOGINTIME` varchar(20) DEFAULT NULL,
  `ACTIVETIME` varchar(20) DEFAULT NULL,
  `LOGOUTTIME` varchar(20) DEFAULT NULL,
  `LONGTIME` varchar(20) DEFAULT NULL,
  `PROGRAMCODE` varchar(10) DEFAULT NULL,
  `FEEPERCENT` varchar(6) DEFAULT NULL,
  `GROUPTYPE` varchar(6) DEFAULT NULL,
  `ENCAPCODEGROUP` varchar(6) DEFAULT NULL,
  `EMPLOYEENUMBER` varchar(15) DEFAULT NULL,
  `CATEGORYS` varchar(10) DEFAULT NULL
) ENGINE=InnoDB DEFAULT CHARSET=utf8;

--
-- Dumping data for table `t_loginfo`
--

/*!40000 ALTER TABLE `t_loginfo` DISABLE KEYS */;
/*!40000 ALTER TABLE `t_loginfo` ENABLE KEYS */;


--
-- Definition of table `t_moduleverrec`
--

DROP TABLE IF EXISTS `t_moduleverrec`;
CREATE TABLE `t_moduleverrec` (
  `TASKID` varchar(32) NOT NULL,
  `TEST_PHASE` int(1) DEFAULT '0',
  `MODULEID` bigint(20) NOT NULL,
  `MODULEVERSION` varchar(30) NOT NULL DEFAULT '0',
  `CREATDATE` date NOT NULL,
  `INSDATE` date DEFAULT NULL,
  `UPDDATE` date DEFAULT NULL,
  `VERRECID` bigint(20) NOT NULL AUTO_INCREMENT,
  `SEQ` int(3) DEFAULT NULL,
  PRIMARY KEY (`VERRECID`)
) ENGINE=InnoDB DEFAULT CHARSET=utf8;

--
-- Dumping data for table `t_moduleverrec`
--

/*!40000 ALTER TABLE `t_moduleverrec` DISABLE KEYS */;
/*!40000 ALTER TABLE `t_moduleverrec` ENABLE KEYS */;


--
-- Definition of table `t_moduleversion`
--

DROP TABLE IF EXISTS `t_moduleversion`;
CREATE TABLE `t_moduleversion` (
  `TASKID` varchar(32) DEFAULT NULL,
  `TEST_PHASE` int(1) DEFAULT '0',
  `MODULEID` bigint(20) NOT NULL,
  `MODULEVERSION` varchar(30) NOT NULL DEFAULT '0',
  `INSDATE` date DEFAULT NULL,
  `UPDDATE` date DEFAULT NULL,
  `MODULEVERID` bigint(20) NOT NULL AUTO_INCREMENT,
  `SEQ` int(3) DEFAULT NULL,
  PRIMARY KEY (`MODULEVERID`),
  KEY `T_MODULEVERSION_IDX4` (`TASKID`)
) ENGINE=InnoDB DEFAULT CHARSET=utf8;

--
-- Dumping data for table `t_moduleversion`
--

/*!40000 ALTER TABLE `t_moduleversion` DISABLE KEYS */;
/*!40000 ALTER TABLE `t_moduleversion` ENABLE KEYS */;


--
-- Definition of table `t_msg_communion`
--

DROP TABLE IF EXISTS `t_msg_communion`;
CREATE TABLE `t_msg_communion` (
  `TASK_ID` varchar(32) NOT NULL,
  `BUG_ID` bigint(20) NOT NULL,
  `SENDER_ID` varchar(32) DEFAULT NULL,
  `MESSAGE` varchar(255) DEFAULT NULL,
  `INS_DATE` date DEFAULT NULL,
  `MSG_ID` bigint(20) NOT NULL AUTO_INCREMENT,
  `RECIP_CD` int(2) DEFAULT NULL,
  PRIMARY KEY (`MSG_ID`)
) ENGINE=InnoDB AUTO_INCREMENT=5 DEFAULT CHARSET=utf8;

--
-- Dumping data for table `t_msg_communion`
--

/*!40000 ALTER TABLE `t_msg_communion` DISABLE KEYS */;
INSERT INTO `t_msg_communion` (`TASK_ID`,`BUG_ID`,`SENDER_ID`,`MESSAGE`,`INS_DATE`,`MSG_ID`,`RECIP_CD`) VALUES 
 ('40288afd2c44134c012c4418e0c2000a',1,'1289630248984','SSSS','2010-11-13',1,10),
 ('40288a2d2dcd2dd1012dcd300f470003',1,'1289630248984','放大法大使','2011-01-28',2,10),
 ('40288a472ee12bb9012ee14cee4e000d',12,'40288a472ee12bb9012ee134bf150001','ssssss','2011-03-23',3,1),
 ('40288a472ee12bb9012ee14cee4e000d',13,'40288a472ee12bb9012ee134bf150001','ssss','2011-03-23',4,10);
/*!40000 ALTER TABLE `t_msg_communion` ENABLE KEYS */;


--
-- Definition of table `t_outline_teammember`
--

DROP TABLE IF EXISTS `t_outline_teammember`;
CREATE TABLE `t_outline_teammember` (
  `TASKID` varchar(32) NOT NULL,
  `TEST_PHASE` int(1) DEFAULT '0',
  `MODULEID` bigint(20) NOT NULL,
  `USERID` varchar(32) NOT NULL,
  `INSDATE` date DEFAULT NULL,
  `UPDDATE` date DEFAULT NULL,
  `COMPANYID` varchar(32) DEFAULT NULL,
  `USER_ROLE` int(11) DEFAULT '0',
  `MODULE_MEMBER_ID` varchar(32) NOT NULL,
  PRIMARY KEY (`MODULE_MEMBER_ID`),
  KEY `T_OUTLINE_TEAMMEMBER_IDX4` (`TASKID`)
) ENGINE=InnoDB DEFAULT CHARSET=utf8;

--
-- Dumping data for table `t_outline_teammember`
--

/*!40000 ALTER TABLE `t_outline_teammember` DISABLE KEYS */;
INSERT INTO `t_outline_teammember` (`TASKID`,`TEST_PHASE`,`MODULEID`,`USERID`,`INSDATE`,`UPDDATE`,`COMPANYID`,`USER_ROLE`,`MODULE_MEMBER_ID`) VALUES 
 ('40288a472ee12bb9012ee14cee4e000d',NULL,33,'40288a472ee12bb9012ee13778490006',NULL,NULL,'1289630248328',1,'40288a472ee12bb9012ee1e591ed0021'),
 ('40288a472ee12bb9012ee14cee4e000d',NULL,37,'40288a472ee12bb9012ee13778490006',NULL,NULL,'1289630248328',1,'40288a472ee12bb9012ee1e591ed0022'),
 ('40288a472ee12bb9012ee14cee4e000d',NULL,33,'40288a472ee12bb9012ee134bf150001',NULL,NULL,'1289630248328',1,'40288a472ee12bb9012ee1e591fd0023'),
 ('40288a472ee12bb9012ee14cee4e000d',NULL,38,'40288a472ee12bb9012ee13778490006',NULL,NULL,'1289630248328',1,'40288a472ee12bb9012ee1e591fd0024'),
 ('40288a472ee12bb9012ee14cee4e000d',NULL,38,'40288a472ee12bb9012ee134bf150001',NULL,NULL,'1289630248328',1,'40288a472ee12bb9012ee1e591fd0025'),
 ('40288a472ee12bb9012ee14cee4e000d',NULL,37,'40288a472ee12bb9012ee134bf150001',NULL,NULL,'1289630248328',1,'40288a472ee12bb9012ee1e5920d0026'),
 ('40288a472ee12bb9012ee14cee4e000d',NULL,33,'40288a472ee120fb012ee1243be90001',NULL,NULL,'1289630248328',3,'40288a472ee12bb9012ee1f0097e0029'),
 ('40288a472ee12bb9012ee14cee4e000d',NULL,34,'40288a472ee120fb012ee1243be90001',NULL,NULL,'1289630248328',3,'40288a472ee12bb9012ee1f0098e002a'),
 ('40288a472ee12bb9012ee14cee4e000d',NULL,38,'40288a472ee120fb012ee1243be90001',NULL,NULL,'1289630248328',3,'40288a472ee12bb9012ee1f0098e002b'),
 ('40288a472ee12bb9012ee14cee4e000d',NULL,37,'40288a472ee120fb012ee1243be90001',NULL,NULL,'1289630248328',3,'40288a472ee12bb9012ee1f0099d002c'),
 ('40288afd2c44134c012c4418e0c2000a',NULL,2,'40288afd2c44134c012c4415e1ea0005',NULL,NULL,'1289630248328',1,'40288afd2c442eb8012c4434aa490003'),
 ('40288afd2c44134c012c4418e0c2000a',NULL,4,'40288afd2c44134c012c4415e1ea0005',NULL,NULL,'1289630248328',1,'40288afd2c442eb8012c4434aa580004'),
 ('40288afd2c44134c012c4418e0c2000a',NULL,3,'40288afd2c44134c012c4416c4e70007',NULL,NULL,'1289630248328',1,'40288afd2c442eb8012c4434f4fe0005'),
 ('40288afd2c44134c012c4418e0c2000a',NULL,2,'40288afd2c44134c012c4416c4e70007',NULL,NULL,'1289630248328',1,'40288afd2c442eb8012c4434f53c0006'),
 ('40288afd2c44134c012c4418e0c2000a',NULL,5,'40288afd2c44134c012c4416c4e70007',NULL,NULL,'1289630248328',1,'40288afd2c442eb8012c4434f56b0007'),
 ('40288afd2c44134c012c4418e0c2000a',NULL,5,'40288afd2c44134c012c4415e1ea0005',NULL,NULL,'1289630248328',1,'40288afd2c442eb8012c4434f57b0008'),
 ('40288afd2c44134c012c4418e0c2000a',NULL,4,'40288afd2c44134c012c4416c4e70007',NULL,NULL,'1289630248328',1,'40288afd2c442eb8012c4434f59a0009'),
 ('40288afd2c44134c012c4418e0c2000a',NULL,3,'40288afd2c44134c012c4415e1ea0005',NULL,NULL,'1289630248328',1,'40288afd2c442eb8012c4434f5aa000a'),
 ('40288afd2c44134c012c4418e0c2000a',NULL,16,'40288afd2c44134c012c4416c4e70007',NULL,NULL,'1289630248328',1,'40288afd2c442eb8012c44364953000b'),
 ('40288afd2c44134c012c4418e0c2000a',NULL,17,'40288afd2c44134c012c4416c4e70007',NULL,NULL,'1289630248328',1,'40288afd2c442eb8012c44364991000c'),
 ('40288afd2c44134c012c4418e0c2000a',NULL,13,'40288afd2c44134c012c4416c4e70007',NULL,NULL,'1289630248328',1,'40288afd2c442eb8012c443649a1000d'),
 ('40288afd2c44134c012c4418e0c2000a',NULL,15,'40288afd2c44134c012c4416c4e70007',NULL,NULL,'1289630248328',1,'40288afd2c442eb8012c443649c0000e'),
 ('40288afd2c44134c012c4418e0c2000a',NULL,14,'40288afd2c44134c012c4416c4e70007',NULL,NULL,'1289630248328',1,'40288afd2c442eb8012c443649d0000f');
/*!40000 ALTER TABLE `t_outline_teammember` ENABLE KEYS */;


--
-- Definition of table `t_outlineinfo`
--

DROP TABLE IF EXISTS `t_outlineinfo`;
CREATE TABLE `t_outlineinfo` (
  `TASKID` varchar(32) DEFAULT NULL,
  `TEST_PHASE` int(1) DEFAULT '0',
  `MODULEID` bigint(20) NOT NULL AUTO_INCREMENT,
  `MODULENAME` varchar(50) DEFAULT NULL,
  `MODULELEVEL` int(2) NOT NULL DEFAULT '0',
  `ISLEAFNODE` int(1) DEFAULT '0',
  `SUPERMODULEID` bigint(20) DEFAULT NULL,
  `MODULESTATE` int(1) DEFAULT '0',
  `KLC` double(15,3) DEFAULT '0.000',
  `INSDATE` datetime DEFAULT NULL,
  `UPDDATE` datetime DEFAULT NULL,
  `COMPANYID` varchar(32) DEFAULT NULL,
  `MODULENUM` varchar(100) DEFAULT NULL,
  `ISROOT` int(1) DEFAULT NULL,
  `CURR_VERSION` varchar(30) DEFAULT NULL,
  `CASE_COUNT` int(7) DEFAULT '0',
  `QUOTIETY` double(7,2) DEFAULT '1.00',
  `REQ_TYPE` int(1) DEFAULT '0',
  `SCENE_COUNT` int(7) DEFAULT '0',
  `SCRP_COUNT` int(7) DEFAULT '0',
  `SEQ` int(8) DEFAULT NULL,
  `REQ_TYPE2` int(1) DEFAULT '0',
  PRIMARY KEY (`MODULEID`),
  KEY `T_OUTLINEINFO_IDX4` (`TASKID`,`TEST_PHASE`,`MODULEID`,`MODULENAME`,`ISLEAFNODE`)
) ENGINE=InnoDB AUTO_INCREMENT=46 DEFAULT CHARSET=utf8;

--
-- Dumping data for table `t_outlineinfo`
--

/*!40000 ALTER TABLE `t_outlineinfo` DISABLE KEYS */;
INSERT INTO `t_outlineinfo` (`TASKID`,`TEST_PHASE`,`MODULEID`,`MODULENAME`,`MODULELEVEL`,`ISLEAFNODE`,`SUPERMODULEID`,`MODULESTATE`,`KLC`,`INSDATE`,`UPDDATE`,`COMPANYID`,`MODULENUM`,`ISROOT`,`CURR_VERSION`,`CASE_COUNT`,`QUOTIETY`,`REQ_TYPE`,`SCENE_COUNT`,`SCRP_COUNT`,`SEQ`,`REQ_TYPE2`) VALUES 
 ('40288afd2c44134c012c4418e0c2000a',1,1,'MYPM免费版',1,0,0,0,NULL,NULL,NULL,'1289630248328',NULL,0,NULL,0,1.00,0,0,0,NULL,0),
 ('40288afd2c44134c012c4418e0c2000a',NULL,2,'系统管理',2,0,1,0,NULL,NULL,NULL,'1289630248328','001',0,NULL,0,1.00,0,0,0,NULL,0),
 ('40288afd2c44134c012c4418e0c2000a',NULL,3,'测试项目管理',2,1,1,0,NULL,NULL,NULL,'1289630248328','002',0,NULL,0,1.00,0,0,0,NULL,0),
 ('40288afd2c44134c012c4418e0c2000a',NULL,4,'测试流程管理',2,1,1,0,NULL,NULL,NULL,'1289630248328','003',0,NULL,0,1.00,0,0,0,NULL,0),
 ('40288afd2c44134c012c4418e0c2000a',NULL,5,'测试需求管理',2,1,1,0,NULL,NULL,NULL,'1289630248328','004',0,NULL,0,1.00,0,0,0,NULL,0),
 ('40288afd2c44134c012c4418e0c2000a',NULL,6,'测试用例管理',2,1,1,0,NULL,NULL,NULL,'1289630248328','005',0,NULL,0,1.00,0,0,0,NULL,0),
 ('40288afd2c44134c012c4418e0c2000a',NULL,7,'最近执行的用例',2,1,1,0,NULL,NULL,NULL,'1289630248328','006',0,NULL,0,1.00,0,0,0,NULL,0),
 ('40288afd2c44134c012c4418e0c2000a',NULL,8,'缺陷管理',2,1,1,0,NULL,NULL,NULL,'1289630248328','007',0,NULL,0,1.00,0,0,0,NULL,0),
 ('40288afd2c44134c012c4418e0c2000a',NULL,9,'消息管理',2,1,1,0,NULL,NULL,NULL,'1289630248328','008',0,NULL,0,1.00,0,0,0,NULL,0),
 ('40288afd2c44134c012c4418e0c2000a',NULL,10,'定制首页',2,1,1,0,NULL,NULL,NULL,'1289630248328','009',0,NULL,0,1.00,0,0,0,NULL,0),
 ('40288afd2c44134c012c4418e0c2000a',NULL,11,'我的首页',2,1,1,0,NULL,NULL,NULL,'1289630248328','010',0,NULL,0,1.00,0,0,0,NULL,0),
 ('40288afd2c44134c012c4418e0c2000a',NULL,12,'退出',2,1,1,0,NULL,NULL,NULL,'1289630248328','011',0,NULL,0,1.00,0,0,0,NULL,0),
 ('40288afd2c44134c012c4418e0c2000a',NULL,13,'用户管理',3,0,2,0,NULL,NULL,NULL,'1289630248328','001001',0,NULL,0,1.00,0,0,0,NULL,0),
 ('40288afd2c44134c012c4418e0c2000a',NULL,14,'权限管理',3,1,2,0,NULL,NULL,NULL,'1289630248328','001002',0,NULL,0,1.00,0,0,0,NULL,0),
 ('40288afd2c44134c012c4418e0c2000a',NULL,15,'测试基础数据设置',3,1,2,0,NULL,NULL,NULL,'1289630248328','001003',0,NULL,0,1.00,0,0,0,NULL,0),
 ('40288afd2c44134c012c4418e0c2000a',NULL,16,'用户管理',4,1,13,0,NULL,NULL,NULL,'1289630248328','001001001',0,NULL,0,1.00,0,0,0,NULL,0),
 ('40288afd2c44134c012c4418e0c2000a',NULL,17,'用户组管理',4,1,13,0,NULL,NULL,NULL,'1289630248328','001001002',0,NULL,0,1.00,0,0,0,NULL,0),
 ('40288a472dc03420012dc03542600002',1,18,'fff',1,0,0,0,NULL,NULL,NULL,'1289630248328',NULL,NULL,NULL,0,1.00,0,0,0,NULL,0),
 ('40288a472dc03420012dc03542600002',NULL,19,'f',2,1,18,0,NULL,NULL,NULL,'1289630248328','001',NULL,NULL,0,1.00,0,0,0,NULL,0),
 ('40288a472dc03420012dc03542600002',NULL,20,'g',2,1,18,0,NULL,NULL,NULL,'1289630248328','002',NULL,NULL,0,1.00,0,0,0,NULL,0),
 ('40288a472dc03420012dc03542600002',NULL,21,'fg',2,1,18,0,NULL,NULL,NULL,'1289630248328','003',NULL,NULL,0,1.00,0,0,0,NULL,0),
 ('40288a2d2dcd2dd1012dcd300f470003',0,22,'iiii',1,0,0,0,NULL,NULL,NULL,'1289630248328',NULL,NULL,NULL,0,1.00,0,0,0,NULL,0),
 ('40288a2d2dcd2dd1012dcd300f470003',NULL,23,'1',2,0,22,0,NULL,NULL,NULL,'1289630248328','001',NULL,NULL,0,1.00,0,0,0,NULL,0),
 ('40288a2d2dcd2dd1012dcd300f470003',NULL,24,'2',2,1,22,0,NULL,NULL,NULL,'1289630248328','002',NULL,NULL,0,1.00,0,0,0,NULL,0),
 ('40288a2d2dcd2dd1012dcd300f470003',NULL,25,'3',2,0,22,0,NULL,NULL,NULL,'1289630248328','003',NULL,NULL,0,1.00,0,0,0,NULL,0),
 ('40288a2d2dcd2dd1012dcd300f470003',NULL,26,'4',2,1,22,0,NULL,NULL,NULL,'1289630248328','004',NULL,NULL,0,1.00,0,0,0,NULL,0),
 ('40288a2d2dcd2dd1012dcd300f470003',NULL,27,'5',2,1,22,0,NULL,NULL,NULL,'1289630248328','005',NULL,NULL,0,1.00,0,0,0,NULL,0),
 ('40288a2d2dcd2dd1012dcd300f470003',NULL,28,'1',3,1,25,0,NULL,NULL,NULL,'1289630248328','003001',NULL,NULL,0,1.00,0,0,0,NULL,0),
 ('40288a2d2dcd2dd1012dcd300f470003',NULL,29,'2',3,1,23,0,NULL,NULL,NULL,'1289630248328','001002',NULL,NULL,0,1.00,0,0,0,NULL,0),
 ('40288a2d2dcd2dd1012dcd300f470003',NULL,30,'3',3,1,23,0,NULL,NULL,NULL,'1289630248328','001003',NULL,NULL,0,1.00,0,0,0,NULL,0),
 ('40288a2d2dcd2dd1012dcd300f470003',NULL,31,'4',3,1,23,0,NULL,NULL,NULL,'1289630248328','001004',NULL,NULL,0,1.00,0,0,0,NULL,0),
 ('40288a472ee12bb9012ee14cee4e000d',2,32,'demo项目',1,0,0,0,NULL,NULL,NULL,'1289630248328',NULL,NULL,NULL,NULL,NULL,NULL,NULL,NULL,NULL,0),
 ('40288a472ee12bb9012ee14cee4e000d',NULL,33,'测试管理',2,0,32,0,NULL,NULL,NULL,'1289630248328','001',NULL,NULL,3,1.00,0,NULL,NULL,NULL,0),
 ('40288a472ee12bb9012ee14cee4e000d',NULL,34,'用户管理',2,1,32,0,NULL,NULL,NULL,'1289630248328','002',NULL,NULL,3,1.00,0,NULL,NULL,NULL,0),
 ('40288a472ee12bb9012ee14cee4e000d',NULL,35,'文档管理',2,0,32,0,NULL,NULL,NULL,'1289630248328','003',NULL,NULL,3,1.00,0,NULL,NULL,NULL,0),
 ('40288a472ee12bb9012ee14cee4e000d',NULL,36,'系统设置',2,1,32,0,NULL,NULL,NULL,'1289630248328','004',NULL,NULL,3,1.00,0,NULL,NULL,NULL,0),
 ('40288a472ee12bb9012ee14cee4e000d',NULL,37,'需求管理',3,1,33,0,NULL,NULL,NULL,'1289630248328','001001',NULL,NULL,3,1.00,0,NULL,NULL,NULL,0),
 ('40288a472ee12bb9012ee14cee4e000d',NULL,38,'文档管理',3,1,33,0,NULL,NULL,NULL,'1289630248328','001002',NULL,NULL,3,1.00,0,NULL,NULL,NULL,0),
 ('40288a472ee12bb9012ee14cee4e000d',NULL,42,'test',6,1,43,1,NULL,NULL,NULL,'1289630248328','003001001001001',NULL,NULL,3,1.00,0,NULL,NULL,NULL,0),
 ('40288a472ee12bb9012ee14cee4e000d',NULL,43,'1',5,0,44,0,NULL,NULL,NULL,'1289630248328','003001001001',NULL,NULL,3,1.00,0,NULL,NULL,NULL,0),
 ('40288a472ee12bb9012ee14cee4e000d',NULL,44,'2',4,0,45,0,NULL,NULL,NULL,'1289630248328','003001001',NULL,NULL,3,1.00,0,NULL,NULL,NULL,0),
 ('40288a472ee12bb9012ee14cee4e000d',NULL,45,'3',3,0,35,0,NULL,NULL,NULL,'1289630248328','003001',NULL,NULL,3,1.00,0,NULL,NULL,NULL,0);
/*!40000 ALTER TABLE `t_outlineinfo` ENABLE KEYS */;


--
-- Definition of table `t_queryinfo`
--

DROP TABLE IF EXISTS `t_queryinfo`;
CREATE TABLE `t_queryinfo` (
  `QUERY_ID` bigint(20) NOT NULL AUTO_INCREMENT,
  `QUERY_NAME` varchar(100) NOT NULL,
  `OWNER_ID` varchar(32) NOT NULL,
  `PARA_VALUE` varchar(1200) NOT NULL,
  `IS_OWNER` int(1) DEFAULT '0',
  `INDENTIFIER` int(3) NOT NULL,
  `HQL_STR` varchar(600) NOT NULL,
  `TASK_ID` varchar(32) DEFAULT NULL,
  PRIMARY KEY (`QUERY_ID`)
) ENGINE=InnoDB DEFAULT CHARSET=utf8;

--
-- Dumping data for table `t_queryinfo`
--

/*!40000 ALTER TABLE `t_queryinfo` DISABLE KEYS */;
/*!40000 ALTER TABLE `t_queryinfo` ENABLE KEYS */;


--
-- Definition of table `t_role`
--

DROP TABLE IF EXISTS `t_role`;
CREATE TABLE `t_role` (
  `ROLEID` varchar(32) NOT NULL,
  `ROLENAME` varchar(40) DEFAULT NULL,
  `INSERTDATE` timestamp NOT NULL DEFAULT CURRENT_TIMESTAMP ON UPDATE CURRENT_TIMESTAMP,
  `UPDATEDATE` timestamp NOT NULL DEFAULT '0000-00-00 00:00:00',
  `REMARK` varchar(50) DEFAULT NULL,
  `ACCESSIP` varchar(500) DEFAULT NULL,
  `COMPANYID` varchar(32) DEFAULT NULL,
  `RELA_DOC_ROLE_ID` bigint(20) unsigned DEFAULT NULL,
  PRIMARY KEY (`ROLEID`)
) ENGINE=InnoDB DEFAULT CHARSET=utf8;

--
-- Dumping data for table `t_role`
--

/*!40000 ALTER TABLE `t_role` DISABLE KEYS */;
INSERT INTO `t_role` (`ROLEID`,`ROLENAME`,`INSERTDATE`,`UPDATEDATE`,`REMARK`,`ACCESSIP`,`COMPANYID`,`RELA_DOC_ROLE_ID`) VALUES 
 ('402880ea25b62b6a0125b66873290012','superRole','2010-11-13 14:37:28','0000-00-00 00:00:00','superRole',NULL,'402880ea25b62b6a0125b66873290012',1),
 ('40288a472db37490012db37657100002','测试人员','2011-01-23 23:20:33','2011-01-23 23:20:33','','','1289630248328',NULL),
 ('40288a472db37490012db3766eee0003','开发人员','2011-01-23 23:20:39','2011-01-23 23:20:39','','','1289630248328',NULL),
 ('40288a472db37490012db376a03f0004','测试经理/测试组长','2011-01-23 23:20:52','2011-01-23 23:20:52','','','1289630248328',NULL),
 ('40288a472db37490012db376d5f50005','开发经理/开发组长','2011-01-23 23:21:05','2011-01-23 23:21:05','','','1289630248328',NULL),
 ('40288a472ee75a35012ee76c44960001','qa','2011-03-24 18:32:35','2011-03-24 18:32:35','','','1289630248328',NULL);
/*!40000 ALTER TABLE `t_role` ENABLE KEYS */;


--
-- Definition of table `t_role_function_real`
--

DROP TABLE IF EXISTS `t_role_function_real`;
CREATE TABLE `t_role_function_real` (
  `ROLEID` varchar(32) DEFAULT NULL,
  `FUNCTIONID` varchar(32) DEFAULT NULL,
  `INSERTDATE` timestamp NOT NULL DEFAULT CURRENT_TIMESTAMP ON UPDATE CURRENT_TIMESTAMP,
  `UPDATEDATE` timestamp NOT NULL DEFAULT '0000-00-00 00:00:00'
) ENGINE=InnoDB DEFAULT CHARSET=utf8;

--
-- Dumping data for table `t_role_function_real`
--

/*!40000 ALTER TABLE `t_role_function_real` DISABLE KEYS */;
INSERT INTO `t_role_function_real` (`ROLEID`,`FUNCTIONID`,`INSERTDATE`,`UPDATEDATE`) VALUES 
 ('402880ea25b62b6a0125b66873290012','1','2010-11-13 14:37:29','0000-00-00 00:00:00'),
 ('402880ea25b62b6a0125b66873290012','2','2010-11-13 14:37:29','0000-00-00 00:00:00'),
 ('402880ea25b62b6a0125b66873290012','3','2010-11-13 14:37:29','0000-00-00 00:00:00'),
 ('402880ea25b62b6a0125b66873290012','4','2010-11-13 14:37:29','0000-00-00 00:00:00'),
 ('402880ea25b62b6a0125b66873290012','5','2010-11-13 14:37:29','0000-00-00 00:00:00'),
 ('402880ea25b62b6a0125b66873290012','6','2010-11-13 14:37:29','0000-00-00 00:00:00'),
 ('402880ea25b62b6a0125b66873290012','7','2010-11-13 14:37:29','0000-00-00 00:00:00'),
 ('402880ea25b62b6a0125b66873290012','8','2010-11-13 14:37:29','0000-00-00 00:00:00'),
 ('402880ea25b62b6a0125b66873290012','9','2010-11-13 14:37:29','0000-00-00 00:00:00'),
 ('402880ea25b62b6a0125b66873290012','20','2010-11-13 14:37:29','0000-00-00 00:00:00'),
 ('402880ea25b62b6a0125b66873290012','21','2010-11-13 14:37:29','0000-00-00 00:00:00'),
 ('402880ea25b62b6a0125b66873290012','22','2010-11-13 14:37:29','0000-00-00 00:00:00'),
 ('402880ea25b62b6a0125b66873290012','23','2010-11-13 14:37:29','0000-00-00 00:00:00'),
 ('402880ea25b62b6a0125b66873290012','24','2010-11-13 14:37:29','0000-00-00 00:00:00'),
 ('402880ea25b62b6a0125b66873290012','25','2010-11-13 14:37:29','0000-00-00 00:00:00'),
 ('402880ea25b62b6a0125b66873290012','26','2010-11-13 14:37:29','0000-00-00 00:00:00'),
 ('402880ea25b62b6a0125b66873290012','27','2010-11-13 14:37:29','0000-00-00 00:00:00'),
 ('402880ea25b62b6a0125b66873290012','28','2010-11-13 14:37:29','0000-00-00 00:00:00'),
 ('402880ea25b62b6a0125b66873290012','29','2010-11-13 14:37:29','0000-00-00 00:00:00'),
 ('402880ea25b62b6a0125b66873290012','40','2010-11-13 14:37:29','0000-00-00 00:00:00'),
 ('402880ea25b62b6a0125b66873290012','41','2010-11-13 14:37:29','0000-00-00 00:00:00'),
 ('402880ea25b62b6a0125b66873290012','42','2010-11-13 14:37:29','0000-00-00 00:00:00'),
 ('402880ea25b62b6a0125b66873290012','43','2010-11-13 14:37:29','0000-00-00 00:00:00'),
 ('402880ea25b62b6a0125b66873290012','44','2010-11-13 14:37:29','0000-00-00 00:00:00'),
 ('402880ea25b62b6a0125b66873290012','45','2010-11-13 14:37:29','0000-00-00 00:00:00'),
 ('402880ea25b62b6a0125b66873290012','46','2010-11-13 14:37:29','0000-00-00 00:00:00'),
 ('402880ea25b62b6a0125b66873290012','47','2010-11-13 14:37:29','0000-00-00 00:00:00'),
 ('402880ea25b62b6a0125b66873290012','48','2010-11-13 14:37:29','0000-00-00 00:00:00'),
 ('402880ea25b62b6a0125b66873290012','49','2010-11-13 14:37:29','0000-00-00 00:00:00'),
 ('402880ea25b62b6a0125b66873290012','60','2010-11-13 14:37:29','0000-00-00 00:00:00'),
 ('402880ea25b62b6a0125b66873290012','61','2010-11-13 14:37:29','0000-00-00 00:00:00'),
 ('402880ea25b62b6a0125b66873290012','62','2010-11-13 14:37:29','0000-00-00 00:00:00'),
 ('402880ea25b62b6a0125b66873290012','63','2010-11-13 14:37:29','0000-00-00 00:00:00'),
 ('402880ea25b62b6a0125b66873290012','64','2010-11-13 14:37:29','0000-00-00 00:00:00'),
 ('402880ea25b62b6a0125b66873290012','65','2010-11-13 14:37:29','0000-00-00 00:00:00'),
 ('402880ea25b62b6a0125b66873290012','66','2010-11-13 14:37:29','0000-00-00 00:00:00'),
 ('402880ea25b62b6a0125b66873290012','67','2010-11-13 14:37:29','0000-00-00 00:00:00'),
 ('402880ea25b62b6a0125b66873290012','68','2010-11-13 14:37:29','0000-00-00 00:00:00'),
 ('402880ea25b62b6a0125b66873290012','69','2010-11-13 14:37:29','0000-00-00 00:00:00'),
 ('402880ea25b62b6a0125b66873290012','80','2010-11-13 14:37:29','0000-00-00 00:00:00'),
 ('402880ea25b62b6a0125b66873290012','81','2010-11-13 14:37:29','0000-00-00 00:00:00'),
 ('402880ea25b62b6a0125b66873290012','82','2010-11-13 14:37:29','0000-00-00 00:00:00'),
 ('402880ea25b62b6a0125b66873290012','83','2010-11-13 14:37:29','0000-00-00 00:00:00'),
 ('402880ea25b62b6a0125b66873290012','84','2010-11-13 14:37:29','0000-00-00 00:00:00'),
 ('402880ea25b62b6a0125b66873290012','85','2010-11-13 14:37:29','0000-00-00 00:00:00'),
 ('402880ea25b62b6a0125b66873290012','86','2010-11-13 14:37:29','0000-00-00 00:00:00'),
 ('402880ea25b62b6a0125b66873290012','87','2010-11-13 14:37:29','0000-00-00 00:00:00'),
 ('402880ea25b62b6a0125b66873290012','88','2010-11-13 14:37:29','0000-00-00 00:00:00'),
 ('402880ea25b62b6a0125b66873290012','89','2010-11-13 14:37:29','0000-00-00 00:00:00'),
 ('402880ea25b62b6a0125b66873290012','100','2010-11-13 14:37:29','0000-00-00 00:00:00'),
 ('402880ea25b62b6a0125b66873290012','101','2010-11-13 14:37:29','0000-00-00 00:00:00'),
 ('402880ea25b62b6a0125b66873290012','102','2010-11-13 14:37:29','0000-00-00 00:00:00'),
 ('402880ea25b62b6a0125b66873290012','103','2010-11-13 14:37:29','0000-00-00 00:00:00'),
 ('402880ea25b62b6a0125b66873290012','104','2010-11-13 14:37:29','0000-00-00 00:00:00'),
 ('402880ea25b62b6a0125b66873290012','105','2010-11-13 14:37:29','0000-00-00 00:00:00'),
 ('402880ea25b62b6a0125b66873290012','106','2010-11-13 14:37:29','0000-00-00 00:00:00'),
 ('402880ea25b62b6a0125b66873290012','107','2010-11-13 14:37:29','0000-00-00 00:00:00'),
 ('402880ea25b62b6a0125b66873290012','108','2010-11-13 14:37:29','0000-00-00 00:00:00'),
 ('402880ea25b62b6a0125b66873290012','109','2010-11-13 14:37:29','0000-00-00 00:00:00'),
 ('402880ea25b62b6a0125b66873290012','120','2010-11-13 14:37:29','0000-00-00 00:00:00'),
 ('402880ea25b62b6a0125b66873290012','121','2010-11-13 14:37:29','0000-00-00 00:00:00'),
 ('402880ea25b62b6a0125b66873290012','122','2010-11-13 14:37:29','0000-00-00 00:00:00'),
 ('402880ea25b62b6a0125b66873290012','123','2010-11-13 14:37:29','0000-00-00 00:00:00'),
 ('402880ea25b62b6a0125b66873290012','124','2010-11-13 14:37:29','0000-00-00 00:00:00'),
 ('402880ea25b62b6a0125b66873290012','125','2010-11-13 14:37:29','0000-00-00 00:00:00'),
 ('402880ea25b62b6a0125b66873290012','126','2010-11-13 14:37:29','0000-00-00 00:00:00'),
 ('402880ea25b62b6a0125b66873290012','127','2010-11-13 14:37:29','0000-00-00 00:00:00'),
 ('40288a472db37490012db37657100002','4','2011-01-23 23:22:14','0000-00-00 00:00:00'),
 ('40288a472db37490012db37657100002','3','2011-01-23 23:22:14','0000-00-00 00:00:00'),
 ('40288a472db37490012db37657100002','2','2011-01-23 23:22:14','0000-00-00 00:00:00'),
 ('40288a472db37490012db37657100002','1','2011-01-23 23:22:14','0000-00-00 00:00:00'),
 ('40288a472db37490012db37657100002','123','2011-01-23 23:22:14','0000-00-00 00:00:00'),
 ('40288a472db37490012db37657100002','104','2011-01-23 23:22:14','0000-00-00 00:00:00'),
 ('40288a472db37490012db37657100002','122','2011-01-23 23:22:14','0000-00-00 00:00:00'),
 ('40288a472db37490012db37657100002','105','2011-01-23 23:22:14','0000-00-00 00:00:00'),
 ('40288a472db37490012db37657100002','121','2011-01-23 23:22:14','0000-00-00 00:00:00'),
 ('40288a472db37490012db37657100002','102','2011-01-23 23:22:14','0000-00-00 00:00:00'),
 ('40288a472db37490012db37657100002','25','2011-01-23 23:22:14','0000-00-00 00:00:00'),
 ('40288a472db37490012db37657100002','120','2011-01-23 23:22:14','0000-00-00 00:00:00'),
 ('40288a472db37490012db37657100002','26','2011-01-23 23:22:14','0000-00-00 00:00:00'),
 ('40288a472db37490012db37657100002','108','2011-01-23 23:22:14','0000-00-00 00:00:00'),
 ('40288a472db37490012db37657100002','109','2011-01-23 23:22:14','0000-00-00 00:00:00'),
 ('40288a472db37490012db37657100002','106','2011-01-23 23:22:14','0000-00-00 00:00:00'),
 ('40288a472db37490012db37657100002','107','2011-01-23 23:22:14','0000-00-00 00:00:00'),
 ('40288a472db37490012db37657100002','45','2011-01-23 23:22:14','0000-00-00 00:00:00'),
 ('40288a472db37490012db37657100002','20','2011-01-23 23:22:14','0000-00-00 00:00:00'),
 ('40288a472db37490012db37657100002','44','2011-01-23 23:22:14','0000-00-00 00:00:00'),
 ('40288a472db37490012db37657100002','100','2011-01-23 23:22:14','0000-00-00 00:00:00'),
 ('40288a472db37490012db37657100002','101','2011-01-23 23:22:14','0000-00-00 00:00:00'),
 ('40288a472db37490012db37657100002','21','2011-01-23 23:22:14','0000-00-00 00:00:00'),
 ('40288a472db37490012db37657100002','125','2011-01-23 23:22:14','0000-00-00 00:00:00'),
 ('40288a472db37490012db37657100002','124','2011-01-23 23:22:14','0000-00-00 00:00:00'),
 ('40288a472db37490012db37657100002','60','2011-01-23 23:22:14','0000-00-00 00:00:00'),
 ('40288a472db37490012db37657100002','88','2011-01-23 23:22:14','0000-00-00 00:00:00'),
 ('40288a472db37490012db37657100002','61','2011-01-23 23:22:14','0000-00-00 00:00:00'),
 ('40288a472db37490012db37657100002','87','2011-01-23 23:22:14','0000-00-00 00:00:00'),
 ('40288a472db37490012db37657100002','89','2011-01-23 23:22:14','0000-00-00 00:00:00'),
 ('40288a472db37490012db37657100002','66','2011-01-23 23:22:14','0000-00-00 00:00:00'),
 ('40288a472db37490012db37657100002','65','2011-01-23 23:22:14','0000-00-00 00:00:00'),
 ('40288a472db37490012db37657100002','68','2011-01-23 23:22:14','0000-00-00 00:00:00'),
 ('40288a472db37490012db37657100002','69','2011-01-23 23:22:14','0000-00-00 00:00:00'),
 ('40288a472db37490012db3766eee0003','123','2011-01-23 23:23:03','0000-00-00 00:00:00'),
 ('40288a472db37490012db3766eee0003','122','2011-01-23 23:23:03','0000-00-00 00:00:00'),
 ('40288a472db37490012db3766eee0003','25','2011-01-23 23:23:03','0000-00-00 00:00:00'),
 ('40288a472db37490012db3766eee0003','121','2011-01-23 23:23:03','0000-00-00 00:00:00'),
 ('40288a472db37490012db3766eee0003','26','2011-01-23 23:23:03','0000-00-00 00:00:00'),
 ('40288a472db37490012db3766eee0003','108','2011-01-23 23:23:03','0000-00-00 00:00:00'),
 ('40288a472db37490012db3766eee0003','4','2011-01-23 23:23:03','0000-00-00 00:00:00'),
 ('40288a472db37490012db3766eee0003','107','2011-01-23 23:23:03','0000-00-00 00:00:00'),
 ('40288a472db37490012db3766eee0003','3','2011-01-23 23:23:03','0000-00-00 00:00:00'),
 ('40288a472db37490012db3766eee0003','2','2011-01-23 23:23:03','0000-00-00 00:00:00'),
 ('40288a472db37490012db3766eee0003','45','2011-01-23 23:23:03','0000-00-00 00:00:00'),
 ('40288a472db37490012db3766eee0003','20','2011-01-23 23:23:03','0000-00-00 00:00:00'),
 ('40288a472db37490012db3766eee0003','1','2011-01-23 23:23:03','0000-00-00 00:00:00'),
 ('40288a472db37490012db3766eee0003','44','2011-01-23 23:23:03','0000-00-00 00:00:00'),
 ('40288a472db37490012db3766eee0003','126','2011-01-23 23:23:03','0000-00-00 00:00:00'),
 ('40288a472db37490012db3766eee0003','125','2011-01-23 23:23:03','0000-00-00 00:00:00'),
 ('40288a472db37490012db3766eee0003','21','2011-01-23 23:23:03','0000-00-00 00:00:00'),
 ('40288a472db37490012db3766eee0003','124','2011-01-23 23:23:03','0000-00-00 00:00:00'),
 ('40288a472db37490012db3766eee0003','88','2011-01-23 23:23:03','0000-00-00 00:00:00'),
 ('40288a472db37490012db3766eee0003','87','2011-01-23 23:23:03','0000-00-00 00:00:00'),
 ('40288a472db37490012db3766eee0003','66','2011-01-23 23:23:03','0000-00-00 00:00:00'),
 ('40288a472db37490012db3766eee0003','65','2011-01-23 23:23:03','0000-00-00 00:00:00'),
 ('40288a472db37490012db3766eee0003','68','2011-01-23 23:23:03','0000-00-00 00:00:00'),
 ('40288a472db37490012db3766eee0003','69','2011-01-23 23:23:03','0000-00-00 00:00:00'),
 ('40288a472db37490012db376a03f0004','4','2011-01-23 23:24:39','0000-00-00 00:00:00'),
 ('40288a472db37490012db376a03f0004','3','2011-01-23 23:24:39','0000-00-00 00:00:00'),
 ('40288a472db37490012db376a03f0004','2','2011-01-23 23:24:39','0000-00-00 00:00:00'),
 ('40288a472db37490012db376a03f0004','1','2011-01-23 23:24:39','0000-00-00 00:00:00'),
 ('40288a472db37490012db376a03f0004','123','2011-01-23 23:24:39','0000-00-00 00:00:00'),
 ('40288a472db37490012db376a03f0004','122','2011-01-23 23:24:39','0000-00-00 00:00:00'),
 ('40288a472db37490012db376a03f0004','25','2011-01-23 23:24:39','0000-00-00 00:00:00'),
 ('40288a472db37490012db376a03f0004','121','2011-01-23 23:24:39','0000-00-00 00:00:00'),
 ('40288a472db37490012db376a03f0004','26','2011-01-23 23:24:39','0000-00-00 00:00:00'),
 ('40288a472db37490012db376a03f0004','120','2011-01-23 23:24:39','0000-00-00 00:00:00'),
 ('40288a472db37490012db376a03f0004','20','2011-01-23 23:24:39','0000-00-00 00:00:00'),
 ('40288a472db37490012db376a03f0004','125','2011-01-23 23:24:39','0000-00-00 00:00:00'),
 ('40288a472db37490012db376a03f0004','21','2011-01-23 23:24:39','0000-00-00 00:00:00'),
 ('40288a472db37490012db376a03f0004','124','2011-01-23 23:24:39','0000-00-00 00:00:00'),
 ('40288a472db37490012db376a03f0004','60','2011-01-23 23:24:39','0000-00-00 00:00:00'),
 ('40288a472db37490012db376a03f0004','62','2011-01-23 23:24:39','0000-00-00 00:00:00'),
 ('40288a472db37490012db376a03f0004','61','2011-01-23 23:24:39','0000-00-00 00:00:00'),
 ('40288a472db37490012db376a03f0004','64','2011-01-23 23:24:39','0000-00-00 00:00:00'),
 ('40288a472db37490012db376a03f0004','63','2011-01-23 23:24:39','0000-00-00 00:00:00'),
 ('40288a472db37490012db376a03f0004','66','2011-01-23 23:24:39','0000-00-00 00:00:00'),
 ('40288a472db37490012db376a03f0004','65','2011-01-23 23:24:39','0000-00-00 00:00:00'),
 ('40288a472db37490012db376a03f0004','68','2011-01-23 23:24:39','0000-00-00 00:00:00'),
 ('40288a472db37490012db376a03f0004','67','2011-01-23 23:24:39','0000-00-00 00:00:00'),
 ('40288a472db37490012db376a03f0004','69','2011-01-23 23:24:39','0000-00-00 00:00:00'),
 ('40288a472db37490012db376a03f0004','104','2011-01-23 23:24:39','0000-00-00 00:00:00'),
 ('40288a472db37490012db376a03f0004','105','2011-01-23 23:24:39','0000-00-00 00:00:00'),
 ('40288a472db37490012db376a03f0004','102','2011-01-23 23:24:39','0000-00-00 00:00:00'),
 ('40288a472db37490012db376a03f0004','103','2011-01-23 23:24:39','0000-00-00 00:00:00'),
 ('40288a472db37490012db376a03f0004','49','2011-01-23 23:24:39','0000-00-00 00:00:00'),
 ('40288a472db37490012db376a03f0004','108','2011-01-23 23:24:39','0000-00-00 00:00:00'),
 ('40288a472db37490012db376a03f0004','109','2011-01-23 23:24:39','0000-00-00 00:00:00'),
 ('40288a472db37490012db376a03f0004','47','2011-01-23 23:24:39','0000-00-00 00:00:00'),
 ('40288a472db37490012db376a03f0004','106','2011-01-23 23:24:39','0000-00-00 00:00:00'),
 ('40288a472db37490012db376a03f0004','48','2011-01-23 23:24:39','0000-00-00 00:00:00'),
 ('40288a472db37490012db376a03f0004','107','2011-01-23 23:24:39','0000-00-00 00:00:00'),
 ('40288a472db37490012db376a03f0004','45','2011-01-23 23:24:39','0000-00-00 00:00:00'),
 ('40288a472db37490012db376a03f0004','80','2011-01-23 23:24:39','0000-00-00 00:00:00'),
 ('40288a472db37490012db376a03f0004','46','2011-01-23 23:24:39','0000-00-00 00:00:00'),
 ('40288a472db37490012db376a03f0004','81','2011-01-23 23:24:39','0000-00-00 00:00:00'),
 ('40288a472db37490012db376a03f0004','82','2011-01-23 23:24:39','0000-00-00 00:00:00'),
 ('40288a472db37490012db376a03f0004','44','2011-01-23 23:24:39','0000-00-00 00:00:00'),
 ('40288a472db37490012db376a03f0004','100','2011-01-23 23:24:39','0000-00-00 00:00:00'),
 ('40288a472db37490012db376a03f0004','101','2011-01-23 23:24:39','0000-00-00 00:00:00'),
 ('40288a472db37490012db376a03f0004','88','2011-01-23 23:24:39','0000-00-00 00:00:00'),
 ('40288a472db37490012db376a03f0004','87','2011-01-23 23:24:39','0000-00-00 00:00:00'),
 ('40288a472db37490012db376a03f0004','89','2011-01-23 23:24:39','0000-00-00 00:00:00'),
 ('40288a472db37490012db376a03f0004','84','2011-01-23 23:24:39','0000-00-00 00:00:00'),
 ('40288a472db37490012db376a03f0004','83','2011-01-23 23:24:39','0000-00-00 00:00:00'),
 ('40288a472db37490012db376a03f0004','86','2011-01-23 23:24:39','0000-00-00 00:00:00'),
 ('40288a472db37490012db376a03f0004','85','2011-01-23 23:24:39','0000-00-00 00:00:00'),
 ('40288a472db37490012db376d5f50005','4','2011-01-23 23:25:47','0000-00-00 00:00:00'),
 ('40288a472db37490012db376d5f50005','3','2011-01-23 23:25:47','0000-00-00 00:00:00'),
 ('40288a472db37490012db376d5f50005','2','2011-01-23 23:25:47','0000-00-00 00:00:00'),
 ('40288a472db37490012db376d5f50005','1','2011-01-23 23:25:47','0000-00-00 00:00:00'),
 ('40288a472db37490012db376d5f50005','123','2011-01-23 23:25:47','0000-00-00 00:00:00'),
 ('40288a472db37490012db376d5f50005','122','2011-01-23 23:25:47','0000-00-00 00:00:00'),
 ('40288a472db37490012db376d5f50005','25','2011-01-23 23:25:47','0000-00-00 00:00:00'),
 ('40288a472db37490012db376d5f50005','121','2011-01-23 23:25:47','0000-00-00 00:00:00'),
 ('40288a472db37490012db376d5f50005','26','2011-01-23 23:25:47','0000-00-00 00:00:00'),
 ('40288a472db37490012db376d5f50005','103','2011-01-23 23:25:47','0000-00-00 00:00:00'),
 ('40288a472db37490012db376d5f50005','108','2011-01-23 23:25:47','0000-00-00 00:00:00'),
 ('40288a472db37490012db376d5f50005','107','2011-01-23 23:25:47','0000-00-00 00:00:00'),
 ('40288a472db37490012db376d5f50005','45','2011-01-23 23:25:47','0000-00-00 00:00:00'),
 ('40288a472db37490012db376d5f50005','20','2011-01-23 23:25:47','0000-00-00 00:00:00'),
 ('40288a472db37490012db376d5f50005','44','2011-01-23 23:25:47','0000-00-00 00:00:00'),
 ('40288a472db37490012db376d5f50005','126','2011-01-23 23:25:47','0000-00-00 00:00:00'),
 ('40288a472db37490012db376d5f50005','21','2011-01-23 23:25:47','0000-00-00 00:00:00'),
 ('40288a472db37490012db376d5f50005','125','2011-01-23 23:25:47','0000-00-00 00:00:00'),
 ('40288a472db37490012db376d5f50005','124','2011-01-23 23:25:47','0000-00-00 00:00:00'),
 ('40288a472db37490012db376d5f50005','60','2011-01-23 23:25:47','0000-00-00 00:00:00'),
 ('40288a472db37490012db376d5f50005','88','2011-01-23 23:25:47','0000-00-00 00:00:00'),
 ('40288a472db37490012db376d5f50005','87','2011-01-23 23:25:47','0000-00-00 00:00:00'),
 ('40288a472db37490012db376d5f50005','61','2011-01-23 23:25:47','0000-00-00 00:00:00'),
 ('40288a472db37490012db376d5f50005','66','2011-01-23 23:25:47','0000-00-00 00:00:00'),
 ('40288a472db37490012db376d5f50005','65','2011-01-23 23:25:47','0000-00-00 00:00:00'),
 ('40288a472db37490012db376d5f50005','68','2011-01-23 23:25:47','0000-00-00 00:00:00'),
 ('40288a472db37490012db376d5f50005','69','2011-01-23 23:25:47','0000-00-00 00:00:00'),
 ('402880ea25b62b6a0125b66873290012','10','2010-11-13 14:37:28','0000-00-00 00:00:00'),
 ('402880ea25b62b6a0125b66873290012','70','2011-03-24 16:18:30','0000-00-00 00:00:00'),
 ('402880ea25b62b6a0125b66873290012','226','2011-03-24 17:13:47','0000-00-00 00:00:00'),
 ('402880ea25b62b6a0125b66873290012','226','2011-03-24 17:13:49','0000-00-00 00:00:00'),
 ('402880ea25b62b6a0125b66873290012','226','2011-03-24 17:13:49','0000-00-00 00:00:00'),
 ('402880ea25b62b6a0125b66873290012','226','2011-03-24 17:13:50','0000-00-00 00:00:00'),
 ('402880ea25b62b6a0125b66873290012','226','2011-03-24 17:13:51','0000-00-00 00:00:00'),
 ('402880ea25b62b6a0125b66873290012','226','2011-03-24 17:13:51','0000-00-00 00:00:00'),
 ('402880ea25b62b6a0125b66873290012','226','2011-03-24 17:13:52','0000-00-00 00:00:00'),
 ('402880ea25b62b6a0125b66873290012','226','2011-03-24 17:13:52','0000-00-00 00:00:00'),
 ('402880ea25b62b6a0125b66873290012','226','2011-03-24 17:13:52','0000-00-00 00:00:00'),
 ('402880ea25b62b6a0125b66873290012','226','2011-03-24 17:13:53','0000-00-00 00:00:00'),
 ('402880ea25b62b6a0125b66873290012','226','2011-03-24 17:13:53','0000-00-00 00:00:00'),
 ('402880ea25b62b6a0125b66873290012','226','2011-03-24 17:13:54','0000-00-00 00:00:00'),
 ('402880ea25b62b6a0125b66873290012','226','2011-03-24 17:13:54','0000-00-00 00:00:00'),
 ('402880ea25b62b6a0125b66873290012','121','2011-03-24 17:18:24','0000-00-00 00:00:00'),
 ('402880ea25b62b6a0125b66873290012','122','2011-03-24 17:18:24','0000-00-00 00:00:00'),
 ('402880ea25b62b6a0125b66873290012','123','2011-03-24 17:18:24','0000-00-00 00:00:00'),
 ('402880ea25b62b6a0125b66873290012','124','2011-03-24 17:18:24','0000-00-00 00:00:00'),
 ('402880ea25b62b6a0125b66873290012','125','2011-03-24 17:18:24','0000-00-00 00:00:00'),
 ('402880ea25b62b6a0125b66873290012','126','2011-03-24 17:18:24','0000-00-00 00:00:00'),
 ('402880ea25b62b6a0125b66873290012','127','2011-03-24 17:18:24','0000-00-00 00:00:00'),
 ('402880ea25b62b6a0125b66873290012','128','2011-03-24 17:18:24','0000-00-00 00:00:00'),
 ('402880ea25b62b6a0125b66873290012','129','2011-03-24 17:18:24','0000-00-00 00:00:00'),
 ('402880ea25b62b6a0125b66873290012','140','2011-03-24 17:18:24','0000-00-00 00:00:00'),
 ('402880ea25b62b6a0125b66873290012','141','2011-03-24 17:18:24','0000-00-00 00:00:00'),
 ('402880ea25b62b6a0125b66873290012','142','2011-03-24 17:18:24','0000-00-00 00:00:00'),
 ('402880ea25b62b6a0125b66873290012','143','2011-03-24 17:18:24','0000-00-00 00:00:00'),
 ('402880ea25b62b6a0125b66873290012','144','2011-03-24 17:18:24','0000-00-00 00:00:00'),
 ('402880ea25b62b6a0125b66873290012','145','2011-03-24 17:18:24','0000-00-00 00:00:00'),
 ('402880ea25b62b6a0125b66873290012','146','2011-03-24 17:18:24','0000-00-00 00:00:00'),
 ('402880ea25b62b6a0125b66873290012','147','2011-03-24 17:18:24','0000-00-00 00:00:00'),
 ('402880ea25b62b6a0125b66873290012','148','2011-03-24 17:18:24','0000-00-00 00:00:00'),
 ('402880ea25b62b6a0125b66873290012','149','2011-03-24 17:18:24','0000-00-00 00:00:00'),
 ('402880ea25b62b6a0125b66873290012','160','2011-03-24 17:18:24','0000-00-00 00:00:00'),
 ('402880ea25b62b6a0125b66873290012','161','2011-03-24 17:18:24','0000-00-00 00:00:00'),
 ('402880ea25b62b6a0125b66873290012','162','2011-03-24 17:18:24','0000-00-00 00:00:00'),
 ('402880ea25b62b6a0125b66873290012','163','2011-03-24 17:18:24','0000-00-00 00:00:00'),
 ('402880ea25b62b6a0125b66873290012','164','2011-03-24 17:18:24','0000-00-00 00:00:00'),
 ('402880ea25b62b6a0125b66873290012','165','2011-03-24 17:18:24','0000-00-00 00:00:00'),
 ('402880ea25b62b6a0125b66873290012','166','2011-03-24 17:18:24','0000-00-00 00:00:00'),
 ('402880ea25b62b6a0125b66873290012','167','2011-03-24 17:18:24','0000-00-00 00:00:00'),
 ('402880ea25b62b6a0125b66873290012','168','2011-03-24 17:18:24','0000-00-00 00:00:00'),
 ('402880ea25b62b6a0125b66873290012','169','2011-03-24 17:18:24','0000-00-00 00:00:00'),
 ('402880ea25b62b6a0125b66873290012','180','2011-03-24 17:18:24','0000-00-00 00:00:00'),
 ('402880ea25b62b6a0125b66873290012','181','2011-03-24 17:18:24','0000-00-00 00:00:00'),
 ('402880ea25b62b6a0125b66873290012','182','2011-03-24 17:18:24','0000-00-00 00:00:00'),
 ('402880ea25b62b6a0125b66873290012','183','2011-03-24 17:18:24','0000-00-00 00:00:00'),
 ('402880ea25b62b6a0125b66873290012','184','2011-03-24 17:18:24','0000-00-00 00:00:00'),
 ('402880ea25b62b6a0125b66873290012','185','2011-03-24 17:18:24','0000-00-00 00:00:00'),
 ('402880ea25b62b6a0125b66873290012','186','2011-03-24 17:18:24','0000-00-00 00:00:00'),
 ('402880ea25b62b6a0125b66873290012','187','2011-03-24 17:18:24','0000-00-00 00:00:00'),
 ('402880ea25b62b6a0125b66873290012','188','2011-03-24 17:18:24','0000-00-00 00:00:00'),
 ('402880ea25b62b6a0125b66873290012','189','2011-03-24 17:18:24','0000-00-00 00:00:00'),
 ('402880ea25b62b6a0125b66873290012','200','2011-03-24 17:18:24','0000-00-00 00:00:00'),
 ('402880ea25b62b6a0125b66873290012','201','2011-03-24 17:18:24','0000-00-00 00:00:00'),
 ('402880ea25b62b6a0125b66873290012','202','2011-03-24 17:18:24','0000-00-00 00:00:00'),
 ('402880ea25b62b6a0125b66873290012','203','2011-03-24 17:18:24','0000-00-00 00:00:00'),
 ('402880ea25b62b6a0125b66873290012','204','2011-03-24 17:18:24','0000-00-00 00:00:00'),
 ('402880ea25b62b6a0125b66873290012','205','2011-03-24 17:18:24','0000-00-00 00:00:00'),
 ('402880ea25b62b6a0125b66873290012','206','2011-03-24 17:18:24','0000-00-00 00:00:00'),
 ('402880ea25b62b6a0125b66873290012','207','2011-03-24 17:18:24','0000-00-00 00:00:00'),
 ('402880ea25b62b6a0125b66873290012','208','2011-03-24 17:18:24','0000-00-00 00:00:00'),
 ('402880ea25b62b6a0125b66873290012','209','2011-03-24 17:18:24','0000-00-00 00:00:00'),
 ('402880ea25b62b6a0125b66873290012','220','2011-03-24 17:18:24','0000-00-00 00:00:00'),
 ('402880ea25b62b6a0125b66873290012','221','2011-03-24 17:18:24','0000-00-00 00:00:00'),
 ('402880ea25b62b6a0125b66873290012','222','2011-03-24 17:18:24','0000-00-00 00:00:00'),
 ('402880ea25b62b6a0125b66873290012','223','2011-03-24 17:18:24','0000-00-00 00:00:00'),
 ('402880ea25b62b6a0125b66873290012','224','2011-03-24 17:18:24','0000-00-00 00:00:00'),
 ('402880ea25b62b6a0125b66873290012','225','2011-03-24 17:18:24','0000-00-00 00:00:00'),
 ('402880ea25b62b6a0125b66873290012','226','2011-03-24 17:18:24','0000-00-00 00:00:00'),
 ('402880ea25b62b6a0125b66873290012','121','2011-03-24 17:24:17','0000-00-00 00:00:00'),
 ('402880ea25b62b6a0125b66873290012','122','2011-03-24 17:24:17','0000-00-00 00:00:00'),
 ('402880ea25b62b6a0125b66873290012','123','2011-03-24 17:24:17','0000-00-00 00:00:00'),
 ('402880ea25b62b6a0125b66873290012','124','2011-03-24 17:24:17','0000-00-00 00:00:00'),
 ('402880ea25b62b6a0125b66873290012','125','2011-03-24 17:24:17','0000-00-00 00:00:00'),
 ('402880ea25b62b6a0125b66873290012','126','2011-03-24 17:24:17','0000-00-00 00:00:00'),
 ('402880ea25b62b6a0125b66873290012','127','2011-03-24 17:24:17','0000-00-00 00:00:00'),
 ('402880ea25b62b6a0125b66873290012','128','2011-03-24 17:24:17','0000-00-00 00:00:00'),
 ('402880ea25b62b6a0125b66873290012','129','2011-03-24 17:24:17','0000-00-00 00:00:00'),
 ('402880ea25b62b6a0125b66873290012','140','2011-03-24 17:24:17','0000-00-00 00:00:00'),
 ('402880ea25b62b6a0125b66873290012','141','2011-03-24 17:24:17','0000-00-00 00:00:00'),
 ('402880ea25b62b6a0125b66873290012','142','2011-03-24 17:24:17','0000-00-00 00:00:00'),
 ('402880ea25b62b6a0125b66873290012','143','2011-03-24 17:24:17','0000-00-00 00:00:00'),
 ('402880ea25b62b6a0125b66873290012','144','2011-03-24 17:24:17','0000-00-00 00:00:00'),
 ('402880ea25b62b6a0125b66873290012','145','2011-03-24 17:24:17','0000-00-00 00:00:00'),
 ('402880ea25b62b6a0125b66873290012','146','2011-03-24 17:24:17','0000-00-00 00:00:00'),
 ('402880ea25b62b6a0125b66873290012','147','2011-03-24 17:24:17','0000-00-00 00:00:00'),
 ('402880ea25b62b6a0125b66873290012','148','2011-03-24 17:24:17','0000-00-00 00:00:00'),
 ('402880ea25b62b6a0125b66873290012','149','2011-03-24 17:24:17','0000-00-00 00:00:00'),
 ('402880ea25b62b6a0125b66873290012','160','2011-03-24 17:24:17','0000-00-00 00:00:00'),
 ('402880ea25b62b6a0125b66873290012','161','2011-03-24 17:24:17','0000-00-00 00:00:00'),
 ('402880ea25b62b6a0125b66873290012','162','2011-03-24 17:24:17','0000-00-00 00:00:00'),
 ('402880ea25b62b6a0125b66873290012','163','2011-03-24 17:24:17','0000-00-00 00:00:00'),
 ('402880ea25b62b6a0125b66873290012','164','2011-03-24 17:24:17','0000-00-00 00:00:00'),
 ('402880ea25b62b6a0125b66873290012','165','2011-03-24 17:24:17','0000-00-00 00:00:00'),
 ('402880ea25b62b6a0125b66873290012','166','2011-03-24 17:24:17','0000-00-00 00:00:00'),
 ('402880ea25b62b6a0125b66873290012','167','2011-03-24 17:24:17','0000-00-00 00:00:00'),
 ('402880ea25b62b6a0125b66873290012','168','2011-03-24 17:24:17','0000-00-00 00:00:00'),
 ('402880ea25b62b6a0125b66873290012','169','2011-03-24 17:24:17','0000-00-00 00:00:00'),
 ('402880ea25b62b6a0125b66873290012','180','2011-03-24 17:24:17','0000-00-00 00:00:00'),
 ('402880ea25b62b6a0125b66873290012','181','2011-03-24 17:24:17','0000-00-00 00:00:00'),
 ('402880ea25b62b6a0125b66873290012','182','2011-03-24 17:24:17','0000-00-00 00:00:00'),
 ('402880ea25b62b6a0125b66873290012','183','2011-03-24 17:24:17','0000-00-00 00:00:00'),
 ('402880ea25b62b6a0125b66873290012','184','2011-03-24 17:24:17','0000-00-00 00:00:00'),
 ('402880ea25b62b6a0125b66873290012','185','2011-03-24 17:24:17','0000-00-00 00:00:00'),
 ('402880ea25b62b6a0125b66873290012','186','2011-03-24 17:24:17','0000-00-00 00:00:00'),
 ('402880ea25b62b6a0125b66873290012','187','2011-03-24 17:24:17','0000-00-00 00:00:00'),
 ('402880ea25b62b6a0125b66873290012','188','2011-03-24 17:24:17','0000-00-00 00:00:00'),
 ('402880ea25b62b6a0125b66873290012','189','2011-03-24 17:24:17','0000-00-00 00:00:00'),
 ('402880ea25b62b6a0125b66873290012','200','2011-03-24 17:24:17','0000-00-00 00:00:00'),
 ('402880ea25b62b6a0125b66873290012','201','2011-03-24 17:24:17','0000-00-00 00:00:00'),
 ('402880ea25b62b6a0125b66873290012','202','2011-03-24 17:24:17','0000-00-00 00:00:00'),
 ('402880ea25b62b6a0125b66873290012','203','2011-03-24 17:24:18','0000-00-00 00:00:00'),
 ('402880ea25b62b6a0125b66873290012','204','2011-03-24 17:24:18','0000-00-00 00:00:00'),
 ('402880ea25b62b6a0125b66873290012','205','2011-03-24 17:24:18','0000-00-00 00:00:00'),
 ('402880ea25b62b6a0125b66873290012','206','2011-03-24 17:24:18','0000-00-00 00:00:00'),
 ('402880ea25b62b6a0125b66873290012','207','2011-03-24 17:24:18','0000-00-00 00:00:00'),
 ('402880ea25b62b6a0125b66873290012','208','2011-03-24 17:24:18','0000-00-00 00:00:00'),
 ('402880ea25b62b6a0125b66873290012','209','2011-03-24 17:24:18','0000-00-00 00:00:00'),
 ('402880ea25b62b6a0125b66873290012','220','2011-03-24 17:24:18','0000-00-00 00:00:00'),
 ('402880ea25b62b6a0125b66873290012','221','2011-03-24 17:24:18','0000-00-00 00:00:00'),
 ('402880ea25b62b6a0125b66873290012','222','2011-03-24 17:24:18','0000-00-00 00:00:00'),
 ('402880ea25b62b6a0125b66873290012','223','2011-03-24 17:24:18','0000-00-00 00:00:00'),
 ('402880ea25b62b6a0125b66873290012','224','2011-03-24 17:24:18','0000-00-00 00:00:00'),
 ('402880ea25b62b6a0125b66873290012','225','2011-03-24 17:24:18','0000-00-00 00:00:00'),
 ('402880ea25b62b6a0125b66873290012','226','2011-03-24 17:24:18','0000-00-00 00:00:00'),
 ('402880ea25b62b6a0125b66873290012','121','2011-03-24 17:27:19','0000-00-00 00:00:00'),
 ('402880ea25b62b6a0125b66873290012','122','2011-03-24 17:27:19','0000-00-00 00:00:00'),
 ('402880ea25b62b6a0125b66873290012','123','2011-03-24 17:27:19','0000-00-00 00:00:00'),
 ('402880ea25b62b6a0125b66873290012','124','2011-03-24 17:27:19','0000-00-00 00:00:00'),
 ('402880ea25b62b6a0125b66873290012','125','2011-03-24 17:27:19','0000-00-00 00:00:00'),
 ('402880ea25b62b6a0125b66873290012','126','2011-03-24 17:27:19','0000-00-00 00:00:00'),
 ('402880ea25b62b6a0125b66873290012','127','2011-03-24 17:27:19','0000-00-00 00:00:00'),
 ('402880ea25b62b6a0125b66873290012','128','2011-03-24 17:27:19','0000-00-00 00:00:00'),
 ('402880ea25b62b6a0125b66873290012','129','2011-03-24 17:27:19','0000-00-00 00:00:00'),
 ('402880ea25b62b6a0125b66873290012','140','2011-03-24 17:27:19','0000-00-00 00:00:00'),
 ('402880ea25b62b6a0125b66873290012','141','2011-03-24 17:27:19','0000-00-00 00:00:00'),
 ('402880ea25b62b6a0125b66873290012','142','2011-03-24 17:27:19','0000-00-00 00:00:00'),
 ('402880ea25b62b6a0125b66873290012','143','2011-03-24 17:27:19','0000-00-00 00:00:00'),
 ('402880ea25b62b6a0125b66873290012','144','2011-03-24 17:27:19','0000-00-00 00:00:00'),
 ('402880ea25b62b6a0125b66873290012','145','2011-03-24 17:27:19','0000-00-00 00:00:00'),
 ('402880ea25b62b6a0125b66873290012','146','2011-03-24 17:27:19','0000-00-00 00:00:00'),
 ('402880ea25b62b6a0125b66873290012','147','2011-03-24 17:27:19','0000-00-00 00:00:00'),
 ('402880ea25b62b6a0125b66873290012','148','2011-03-24 17:27:19','0000-00-00 00:00:00'),
 ('402880ea25b62b6a0125b66873290012','149','2011-03-24 17:27:19','0000-00-00 00:00:00'),
 ('402880ea25b62b6a0125b66873290012','160','2011-03-24 17:27:19','0000-00-00 00:00:00'),
 ('402880ea25b62b6a0125b66873290012','161','2011-03-24 17:27:19','0000-00-00 00:00:00'),
 ('402880ea25b62b6a0125b66873290012','162','2011-03-24 17:27:19','0000-00-00 00:00:00'),
 ('402880ea25b62b6a0125b66873290012','163','2011-03-24 17:27:19','0000-00-00 00:00:00'),
 ('402880ea25b62b6a0125b66873290012','164','2011-03-24 17:27:19','0000-00-00 00:00:00'),
 ('402880ea25b62b6a0125b66873290012','165','2011-03-24 17:27:19','0000-00-00 00:00:00'),
 ('402880ea25b62b6a0125b66873290012','166','2011-03-24 17:27:19','0000-00-00 00:00:00'),
 ('402880ea25b62b6a0125b66873290012','167','2011-03-24 17:27:19','0000-00-00 00:00:00'),
 ('402880ea25b62b6a0125b66873290012','168','2011-03-24 17:27:19','0000-00-00 00:00:00'),
 ('402880ea25b62b6a0125b66873290012','169','2011-03-24 17:27:19','0000-00-00 00:00:00'),
 ('402880ea25b62b6a0125b66873290012','180','2011-03-24 17:27:19','0000-00-00 00:00:00'),
 ('402880ea25b62b6a0125b66873290012','181','2011-03-24 17:27:19','0000-00-00 00:00:00'),
 ('402880ea25b62b6a0125b66873290012','182','2011-03-24 17:27:19','0000-00-00 00:00:00'),
 ('402880ea25b62b6a0125b66873290012','183','2011-03-24 17:27:19','0000-00-00 00:00:00'),
 ('402880ea25b62b6a0125b66873290012','184','2011-03-24 17:27:19','0000-00-00 00:00:00'),
 ('402880ea25b62b6a0125b66873290012','185','2011-03-24 17:27:19','0000-00-00 00:00:00'),
 ('402880ea25b62b6a0125b66873290012','186','2011-03-24 17:27:19','0000-00-00 00:00:00'),
 ('402880ea25b62b6a0125b66873290012','187','2011-03-24 17:27:19','0000-00-00 00:00:00'),
 ('402880ea25b62b6a0125b66873290012','188','2011-03-24 17:27:19','0000-00-00 00:00:00'),
 ('402880ea25b62b6a0125b66873290012','189','2011-03-24 17:27:19','0000-00-00 00:00:00'),
 ('402880ea25b62b6a0125b66873290012','200','2011-03-24 17:27:19','0000-00-00 00:00:00'),
 ('402880ea25b62b6a0125b66873290012','201','2011-03-24 17:27:19','0000-00-00 00:00:00'),
 ('402880ea25b62b6a0125b66873290012','202','2011-03-24 17:27:19','0000-00-00 00:00:00'),
 ('402880ea25b62b6a0125b66873290012','203','2011-03-24 17:27:19','0000-00-00 00:00:00'),
 ('402880ea25b62b6a0125b66873290012','204','2011-03-24 17:27:19','0000-00-00 00:00:00'),
 ('402880ea25b62b6a0125b66873290012','205','2011-03-24 17:27:19','0000-00-00 00:00:00'),
 ('402880ea25b62b6a0125b66873290012','206','2011-03-24 17:27:19','0000-00-00 00:00:00'),
 ('402880ea25b62b6a0125b66873290012','207','2011-03-24 17:27:19','0000-00-00 00:00:00'),
 ('402880ea25b62b6a0125b66873290012','208','2011-03-24 17:27:19','0000-00-00 00:00:00'),
 ('402880ea25b62b6a0125b66873290012','209','2011-03-24 17:27:19','0000-00-00 00:00:00'),
 ('402880ea25b62b6a0125b66873290012','220','2011-03-24 17:27:19','0000-00-00 00:00:00'),
 ('402880ea25b62b6a0125b66873290012','221','2011-03-24 17:27:19','0000-00-00 00:00:00'),
 ('402880ea25b62b6a0125b66873290012','222','2011-03-24 17:27:19','0000-00-00 00:00:00'),
 ('402880ea25b62b6a0125b66873290012','223','2011-03-24 17:27:19','0000-00-00 00:00:00'),
 ('402880ea25b62b6a0125b66873290012','224','2011-03-24 17:27:19','0000-00-00 00:00:00'),
 ('402880ea25b62b6a0125b66873290012','225','2011-03-24 17:27:19','0000-00-00 00:00:00'),
 ('402880ea25b62b6a0125b66873290012','226','2011-03-24 17:27:19','0000-00-00 00:00:00'),
 ('40288a472db37490012db37657100002','221','2011-03-24 18:32:53','0000-00-00 00:00:00'),
 ('40288a472db37490012db37657100002','222','2011-03-24 18:32:53','0000-00-00 00:00:00'),
 ('40288a472db37490012db37657100002','220','2011-03-24 18:32:53','0000-00-00 00:00:00'),
 ('40288a472db37490012db37657100002','225','2011-03-24 18:32:53','0000-00-00 00:00:00'),
 ('40288a472db37490012db37657100002','226','2011-03-24 18:32:53','0000-00-00 00:00:00'),
 ('40288a472db37490012db37657100002','223','2011-03-24 18:32:53','0000-00-00 00:00:00'),
 ('40288a472db37490012db37657100002','224','2011-03-24 18:32:53','0000-00-00 00:00:00'),
 ('40288a472db37490012db37657100002','168','2011-03-24 18:32:53','0000-00-00 00:00:00'),
 ('40288a472db37490012db37657100002','169','2011-03-24 18:32:53','0000-00-00 00:00:00'),
 ('40288a472db37490012db37657100002','164','2011-03-24 18:32:53','0000-00-00 00:00:00'),
 ('40288a472db37490012db37657100002','165','2011-03-24 18:32:53','0000-00-00 00:00:00'),
 ('40288a472db37490012db37657100002','166','2011-03-24 18:32:53','0000-00-00 00:00:00'),
 ('40288a472db37490012db37657100002','167','2011-03-24 18:32:53','0000-00-00 00:00:00'),
 ('40288a472db37490012db37657100002','160','2011-03-24 18:32:53','0000-00-00 00:00:00'),
 ('40288a472db37490012db37657100002','161','2011-03-24 18:32:53','0000-00-00 00:00:00'),
 ('40288a472db37490012db37657100002','162','2011-03-24 18:32:53','0000-00-00 00:00:00'),
 ('40288a472db37490012db37657100002','163','2011-03-24 18:32:53','0000-00-00 00:00:00'),
 ('40288a472db37490012db37657100002','181','2011-03-24 18:32:53','0000-00-00 00:00:00'),
 ('40288a472db37490012db37657100002','180','2011-03-24 18:32:53','0000-00-00 00:00:00'),
 ('40288a472db37490012db37657100002','200','2011-03-24 18:32:53','0000-00-00 00:00:00'),
 ('40288a472db37490012db37657100002','145','2011-03-24 18:32:53','0000-00-00 00:00:00'),
 ('40288a472db37490012db37657100002','144','2011-03-24 18:32:53','0000-00-00 00:00:00'),
 ('40288a472db37490012db37657100002','143','2011-03-24 18:32:53','0000-00-00 00:00:00'),
 ('40288a472db37490012db37657100002','149','2011-03-24 18:32:53','0000-00-00 00:00:00'),
 ('40288a472db37490012db37657100002','207','2011-03-24 18:32:53','0000-00-00 00:00:00'),
 ('40288a472db37490012db37657100002','148','2011-03-24 18:32:53','0000-00-00 00:00:00'),
 ('40288a472db37490012db37657100002','208','2011-03-24 18:32:53','0000-00-00 00:00:00'),
 ('40288a472db37490012db37657100002','147','2011-03-24 18:32:53','0000-00-00 00:00:00'),
 ('40288a472db37490012db37657100002','205','2011-03-24 18:32:53','0000-00-00 00:00:00'),
 ('40288a472db37490012db37657100002','146','2011-03-24 18:32:53','0000-00-00 00:00:00'),
 ('40288a472db37490012db37657100002','206','2011-03-24 18:32:53','0000-00-00 00:00:00'),
 ('40288a472db37490012db37657100002','203','2011-03-24 18:32:53','0000-00-00 00:00:00'),
 ('40288a472db37490012db37657100002','204','2011-03-24 18:32:53','0000-00-00 00:00:00'),
 ('40288a472db37490012db37657100002','201','2011-03-24 18:32:53','0000-00-00 00:00:00'),
 ('40288a472db37490012db37657100002','202','2011-03-24 18:32:53','0000-00-00 00:00:00'),
 ('40288a472db37490012db37657100002','209','2011-03-24 18:32:53','0000-00-00 00:00:00'),
 ('40288a472db37490012db37657100002','182','2011-03-24 18:32:53','0000-00-00 00:00:00'),
 ('40288a472db37490012db37657100002','183','2011-03-24 18:32:53','0000-00-00 00:00:00'),
 ('40288a472db37490012db37657100002','184','2011-03-24 18:32:53','0000-00-00 00:00:00'),
 ('40288a472db37490012db37657100002','185','2011-03-24 18:32:53','0000-00-00 00:00:00'),
 ('40288a472db37490012db37657100002','186','2011-03-24 18:32:53','0000-00-00 00:00:00'),
 ('40288a472db37490012db37657100002','187','2011-03-24 18:32:53','0000-00-00 00:00:00'),
 ('40288a472db37490012db37657100002','188','2011-03-24 18:32:53','0000-00-00 00:00:00'),
 ('40288a472db37490012db37657100002','189','2011-03-24 18:32:53','0000-00-00 00:00:00'),
 ('40288a472ee75a35012ee76c44960001','181','2011-03-24 18:33:09','0000-00-00 00:00:00'),
 ('40288a472ee75a35012ee76c44960001','180','2011-03-24 18:33:09','0000-00-00 00:00:00'),
 ('40288a472ee75a35012ee76c44960001','200','2011-03-24 18:33:09','0000-00-00 00:00:00'),
 ('40288a472ee75a35012ee76c44960001','145','2011-03-24 18:33:09','0000-00-00 00:00:00'),
 ('40288a472ee75a35012ee76c44960001','221','2011-03-24 18:33:09','0000-00-00 00:00:00'),
 ('40288a472ee75a35012ee76c44960001','144','2011-03-24 18:33:09','0000-00-00 00:00:00'),
 ('40288a472ee75a35012ee76c44960001','222','2011-03-24 18:33:09','0000-00-00 00:00:00'),
 ('40288a472ee75a35012ee76c44960001','143','2011-03-24 18:33:09','0000-00-00 00:00:00'),
 ('40288a472ee75a35012ee76c44960001','220','2011-03-24 18:33:09','0000-00-00 00:00:00'),
 ('40288a472ee75a35012ee76c44960001','149','2011-03-24 18:33:09','0000-00-00 00:00:00'),
 ('40288a472ee75a35012ee76c44960001','207','2011-03-24 18:33:09','0000-00-00 00:00:00'),
 ('40288a472ee75a35012ee76c44960001','225','2011-03-24 18:33:09','0000-00-00 00:00:00'),
 ('40288a472ee75a35012ee76c44960001','226','2011-03-24 18:33:09','0000-00-00 00:00:00'),
 ('40288a472ee75a35012ee76c44960001','208','2011-03-24 18:33:09','0000-00-00 00:00:00'),
 ('40288a472ee75a35012ee76c44960001','148','2011-03-24 18:33:09','0000-00-00 00:00:00'),
 ('40288a472ee75a35012ee76c44960001','223','2011-03-24 18:33:09','0000-00-00 00:00:00'),
 ('40288a472ee75a35012ee76c44960001','205','2011-03-24 18:33:09','0000-00-00 00:00:00'),
 ('40288a472ee75a35012ee76c44960001','147','2011-03-24 18:33:09','0000-00-00 00:00:00'),
 ('40288a472ee75a35012ee76c44960001','224','2011-03-24 18:33:09','0000-00-00 00:00:00'),
 ('40288a472ee75a35012ee76c44960001','206','2011-03-24 18:33:09','0000-00-00 00:00:00'),
 ('40288a472ee75a35012ee76c44960001','146','2011-03-24 18:33:09','0000-00-00 00:00:00'),
 ('40288a472ee75a35012ee76c44960001','203','2011-03-24 18:33:09','0000-00-00 00:00:00'),
 ('40288a472ee75a35012ee76c44960001','204','2011-03-24 18:33:09','0000-00-00 00:00:00'),
 ('40288a472ee75a35012ee76c44960001','201','2011-03-24 18:33:09','0000-00-00 00:00:00'),
 ('40288a472ee75a35012ee76c44960001','202','2011-03-24 18:33:09','0000-00-00 00:00:00'),
 ('40288a472ee75a35012ee76c44960001','168','2011-03-24 18:33:09','0000-00-00 00:00:00'),
 ('40288a472ee75a35012ee76c44960001','169','2011-03-24 18:33:09','0000-00-00 00:00:00'),
 ('40288a472ee75a35012ee76c44960001','209','2011-03-24 18:33:09','0000-00-00 00:00:00'),
 ('40288a472ee75a35012ee76c44960001','182','2011-03-24 18:33:09','0000-00-00 00:00:00'),
 ('40288a472ee75a35012ee76c44960001','164','2011-03-24 18:33:09','0000-00-00 00:00:00'),
 ('40288a472ee75a35012ee76c44960001','183','2011-03-24 18:33:09','0000-00-00 00:00:00'),
 ('40288a472ee75a35012ee76c44960001','165','2011-03-24 18:33:09','0000-00-00 00:00:00'),
 ('40288a472ee75a35012ee76c44960001','184','2011-03-24 18:33:09','0000-00-00 00:00:00'),
 ('40288a472ee75a35012ee76c44960001','166','2011-03-24 18:33:09','0000-00-00 00:00:00'),
 ('40288a472ee75a35012ee76c44960001','185','2011-03-24 18:33:09','0000-00-00 00:00:00'),
 ('40288a472ee75a35012ee76c44960001','167','2011-03-24 18:33:09','0000-00-00 00:00:00'),
 ('40288a472ee75a35012ee76c44960001','186','2011-03-24 18:33:09','0000-00-00 00:00:00'),
 ('40288a472ee75a35012ee76c44960001','160','2011-03-24 18:33:09','0000-00-00 00:00:00'),
 ('40288a472ee75a35012ee76c44960001','187','2011-03-24 18:33:09','0000-00-00 00:00:00'),
 ('40288a472ee75a35012ee76c44960001','161','2011-03-24 18:33:09','0000-00-00 00:00:00'),
 ('40288a472ee75a35012ee76c44960001','162','2011-03-24 18:33:09','0000-00-00 00:00:00'),
 ('40288a472ee75a35012ee76c44960001','188','2011-03-24 18:33:09','0000-00-00 00:00:00'),
 ('40288a472ee75a35012ee76c44960001','163','2011-03-24 18:33:09','0000-00-00 00:00:00'),
 ('40288a472ee75a35012ee76c44960001','189','2011-03-24 18:33:09','0000-00-00 00:00:00'),
 ('40288a472db37490012db376a03f0004','8','2011-03-29 11:36:46','0000-00-00 00:00:00'),
 ('402880ea25b62b6a0125b66873290012','51','2011-03-29 12:43:46','0000-00-00 00:00:00'),
 ('402880ea25b62b6a0125b66873290012','51','2011-03-29 12:43:49','0000-00-00 00:00:00'),
 ('402880ea25b62b6a0125b66873290012','51','2011-03-29 12:43:58','0000-00-00 00:00:00'),
 ('402880ea25b62b6a0125b66873290012','51','2011-03-29 12:43:59','0000-00-00 00:00:00'),
 ('402880ea25b62b6a0125b66873290012','51','2011-03-29 12:44:00','0000-00-00 00:00:00'),
 ('402880ea25b62b6a0125b66873290012','51','2011-03-29 12:44:00','0000-00-00 00:00:00'),
 ('402880ea25b62b6a0125b66873290012','51','2011-03-29 12:44:01','0000-00-00 00:00:00'),
 ('402880ea25b62b6a0125b66873290012','51','2011-03-29 12:44:02','0000-00-00 00:00:00'),
 ('402880ea25b62b6a0125b66873290012','51','2011-03-29 12:44:03','0000-00-00 00:00:00'),
 ('402880ea25b62b6a0125b66873290012','50','2011-03-29 12:44:28','0000-00-00 00:00:00'),
 ('402880ea25b62b6a0125b66873290012','51','2011-03-29 12:46:24','0000-00-00 00:00:00'),
 ('402880ea25b62b6a0125b66873290012','50','2011-03-29 12:46:32','0000-00-00 00:00:00'),
 ('402880ea25b62b6a0125b66873290012','50','2011-03-29 12:46:41','0000-00-00 00:00:00'),
 ('402880ea25b62b6a0125b66873290012','51','2011-03-29 12:46:47','0000-00-00 00:00:00'),
 ('40288a472db37490012db37657100002','51','2011-03-29 12:51:52','0000-00-00 00:00:00'),
 ('40288a472db37490012db37657100002','50','2011-03-29 12:51:52','0000-00-00 00:00:00');
/*!40000 ALTER TABLE `t_role_function_real` ENABLE KEYS */;


--
-- Definition of table `t_single_test_task`
--

DROP TABLE IF EXISTS `t_single_test_task`;
CREATE TABLE `t_single_test_task` (
  `TASKID` varchar(32) NOT NULL,
  `INSDATE` date DEFAULT NULL,
  `UPDDATE` date DEFAULT NULL,
  `COMPANYID` varchar(32) NOT NULL,
  `CREATE_ID` varchar(32) DEFAULT NULL,
  `PSM_ID` varchar(32) DEFAULT NULL,
  `PRO_NAME` varchar(60) DEFAULT NULL,
  `PRO_NUM` varchar(30) DEFAULT NULL,
  `DEV_DEPT` varchar(60) DEFAULT NULL,
  `STATUS_FLG` int(1) DEFAULT '3',
  `PLAN_START_DATE` date DEFAULT NULL,
  `PLAN_END_DATE` date DEFAULT NULL,
  `FACT_START_DATE` date DEFAULT NULL,
  `FACT_END_DATE` date DEFAULT NULL,
  `TEST_PHASE` int(1) DEFAULT NULL,
  `PLAN_ATTACH` varchar(80) DEFAULT NULL,
  PRIMARY KEY (`TASKID`)
) ENGINE=InnoDB DEFAULT CHARSET=utf8;

--
-- Dumping data for table `t_single_test_task`
--

/*!40000 ALTER TABLE `t_single_test_task` DISABLE KEYS */;
INSERT INTO `t_single_test_task` (`TASKID`,`INSDATE`,`UPDDATE`,`COMPANYID`,`CREATE_ID`,`PSM_ID`,`PRO_NAME`,`PRO_NUM`,`DEV_DEPT`,`STATUS_FLG`,`PLAN_START_DATE`,`PLAN_END_DATE`,`FACT_START_DATE`,`FACT_END_DATE`,`TEST_PHASE`,`PLAN_ATTACH`) VALUES 
 ('40288a2d2dcd2dd1012dcd300f470003','2011-01-28','2011-01-28','1289630248328','1289630248984','1289630248984','iiii','ss','kkk',4,'2011-01-27','2011-01-31',NULL,NULL,0,''),
 ('40288a472dc03420012dc03542600002','2011-01-26','2011-01-26','1289630248328','1289630248984','1289630248984','fff','fff','fff',4,'2011-01-02','2011-01-31',NULL,NULL,1,''),
 ('40288a472ee12bb9012ee14cee4e000d','2011-03-23','2011-03-31','1289630248328','1289630248984','40288a472ee12bb9012ee14504ea000c','demo项目','demmo1','嘉华研发部1',0,'2011-03-23','2011-03-31',NULL,NULL,1,''),
 ('40288adf287dbfc901287de164d70008','2010-05-10','2010-05-10','1270390575468','1270390576000','1270390576000','ddddd','dddd','ddd',3,'2010-05-10','2010-05-13',NULL,NULL,0,''),
 ('40288adf287dbfc901287de1a0590009','2010-05-10','2010-05-10','1270390575468','1270390576000','1270390576000','rrrr','rrrrr','rrr',3,'2010-05-13','2010-05-21',NULL,NULL,1,''),
 ('40288afd2c44134c012c4418e0c2000a','2010-11-13','2010-11-13','1289630248328','1289630248984','1289630248984','MYPM免费版','v20','嘉华研发二部',4,'2010-11-01','2010-11-30',NULL,NULL,1,'1289632669750_testPlanTemplate.xls'),
 ('4028e4c06ac4c643016ac4c7f54c0001','2019-05-17','2019-05-17','1289630248328','1289630248984','40288a472ee12bb9012ee134bf150001','yyy','yyyyy','yyy',3,'2019-05-16','2019-05-31',NULL,NULL,0,'');
/*!40000 ALTER TABLE `t_single_test_task` ENABLE KEYS */;


--
-- Definition of table `t_software_version`
--

DROP TABLE IF EXISTS `t_software_version`;
CREATE TABLE `t_software_version` (
  `TASKID` varchar(32) DEFAULT NULL,
  `VERSION_NUM` varchar(40) NOT NULL,
  `INSDATE` date DEFAULT NULL,
  `UPDDATE` date DEFAULT NULL,
  `VERSION_ID` bigint(20) NOT NULL AUTO_INCREMENT,
  `REMARK` varchar(200) DEFAULT NULL,
  `SEQ` int(4) DEFAULT '0',
  `VER_STATUS` int(1) DEFAULT '9',
  PRIMARY KEY (`VERSION_ID`),
  UNIQUE KEY `T_SOFTWARE_VERSION_UQ` (`VERSION_NUM`,`TASKID`,`SEQ`),
  KEY `T_SOFTWARE_VERSION_IDX4` (`TASKID`)
) ENGINE=InnoDB AUTO_INCREMENT=10 DEFAULT CHARSET=utf8;

--
-- Dumping data for table `t_software_version`
--

/*!40000 ALTER TABLE `t_software_version` DISABLE KEYS */;
INSERT INTO `t_software_version` (`TASKID`,`VERSION_NUM`,`INSDATE`,`UPDDATE`,`VERSION_ID`,`REMARK`,`SEQ`,`VER_STATUS`) VALUES 
 ('40288afd2c44134c012c4418e0c2000a','v20.1','2010-11-13','2010-11-13',1,'',1,0),
 ('40288afd2c44134c012c4418e0c2000a','v20.2','2010-11-13','2010-11-13',2,'',2,0),
 ('40288afd2c44134c012c4418e0c2000a','v20.3','2010-11-13','2010-11-13',3,'',3,0),
 ('40288a472dc03420012dc03542600002','v1','2011-01-26','2011-01-26',4,'',1,0),
 ('40288a472dc03420012dc03542600002','v2','2011-01-26','2011-01-26',5,'',2,0),
 ('40288a2d2dcd2dd1012dcd300f470003','v1','2011-01-28','2011-01-28',6,'',1,0),
 ('40288a2d2dcd2dd1012dcd300f470003','v2','2011-01-28','2011-01-28',7,'',2,0),
 ('40288a472ee12bb9012ee14cee4e000d','v1','2011-03-23','2011-03-23',8,'',1,0),
 ('40288a472ee12bb9012ee14cee4e000d','v2','2011-03-23','2011-03-23',9,'',2,0);
/*!40000 ALTER TABLE `t_software_version` ENABLE KEYS */;


--
-- Definition of table `t_syslog`
--

DROP TABLE IF EXISTS `t_syslog`;
CREATE TABLE `t_syslog` (
  `LOG_ID` varchar(32) NOT NULL,
  `OPER_DESC` varchar(2000) DEFAULT NULL,
  `OPER_ID` varchar(16) DEFAULT NULL,
  `OPER_DATE` datetime DEFAULT NULL,
  `OPER_SUMMARY` varchar(100) DEFAULT NULL,
  `LOG_TYPE` int(1) DEFAULT '0',
  `ACCESS_IP` varchar(100) DEFAULT NULL,
  PRIMARY KEY (`LOG_ID`)
) ENGINE=InnoDB DEFAULT CHARSET=utf8;

--
-- Dumping data for table `t_syslog`
--

/*!40000 ALTER TABLE `t_syslog` DISABLE KEYS */;
/*!40000 ALTER TABLE `t_syslog` ENABLE KEYS */;


--
-- Definition of table `t_task_useactor`
--

DROP TABLE IF EXISTS `t_task_useactor`;
CREATE TABLE `t_task_useactor` (
  `TASKID` varchar(32) NOT NULL,
  `TEST_PHASE` int(1) NOT NULL DEFAULT '0',
  `USERID` varchar(32) NOT NULL DEFAULT '0',
  `ACTOR` int(2) NOT NULL DEFAULT '0',
  `INSDATE` date DEFAULT NULL,
  `UPDDATE` date DEFAULT NULL,
  `ACTORID` varchar(32) NOT NULL,
  `IS_ENABLE` int(1) DEFAULT NULL,
  PRIMARY KEY (`ACTORID`),
  KEY `T_TASK_USEACTOR_IDX4` (`TASKID`)
) ENGINE=InnoDB DEFAULT CHARSET=utf8;

--
-- Dumping data for table `t_task_useactor`
--

/*!40000 ALTER TABLE `t_task_useactor` DISABLE KEYS */;
INSERT INTO `t_task_useactor` (`TASKID`,`TEST_PHASE`,`USERID`,`ACTOR`,`INSDATE`,`UPDDATE`,`ACTORID`,`IS_ENABLE`) VALUES 
 ('40288a2d2dcd2dd1012dcd300f470003',0,'1289630248984',9,NULL,NULL,'40288a2d2dcd2dd1012dcd37ed030008',0),
 ('40288a2d2dcd2dd1012dcd300f470003',0,'1289630248984',1,NULL,NULL,'40288a2d2dcd2dd1012dcd37ed030009',1),
 ('40288a2d2dcd2dd1012dcd300f470003',0,'1289630248984',5,NULL,NULL,'40288a2d2dcd2dd1012dcd37ed03000a',1),
 ('40288a2d2dcd2dd1012dcd300f470003',0,'1289630248984',7,NULL,NULL,'40288a2d2dcd2dd1012dcd37ed03000b',1),
 ('40288a2d2dcd2dd1012dcd300f470003',0,'1289630248984',8,NULL,NULL,'40288a2d2dcd2dd1012dcd37ed03000c',1),
 ('40288a472dc03420012dc03542600002',0,'1289630248984',1,NULL,NULL,'40288a472dc03420012dc035ef980007',1),
 ('40288a472dc03420012dc03542600002',0,'1289630248984',5,NULL,NULL,'40288a472dc03420012dc035ef980008',1),
 ('40288a472dc03420012dc03542600002',0,'1289630248984',7,NULL,NULL,'40288a472dc03420012dc035ef980009',1),
 ('40288a472dc03420012dc03542600002',0,'1289630248984',8,NULL,NULL,'40288a472dc03420012dc035ef98000a',1),
 ('40288a472ee12bb9012ee14cee4e000d',0,'40288a472ee12bb9012ee134bf630004',1,NULL,NULL,'40288a472ee12bb9012ee1aaa2190013',1),
 ('40288a472ee12bb9012ee14cee4e000d',0,'40288a472ee12bb9012ee13778490006',5,NULL,NULL,'40288a472ee12bb9012ee1aaa2190014',1),
 ('40288a472ee12bb9012ee14cee4e000d',0,'40288a472ee12bb9012ee134bf150001',5,NULL,NULL,'40288a472ee12bb9012ee1aaa2190015',1),
 ('40288a472ee12bb9012ee14cee4e000d',0,'40288a472ee12bb9012ee1377849000a',1,NULL,NULL,'40288a472ee12bb9012ee1aaa2190016',1),
 ('40288a472ee12bb9012ee14cee4e000d',0,'40288a472ee12bb9012ee134bf530003',8,NULL,NULL,'40288a472ee12bb9012ee1aaa2190017',1),
 ('40288a472ee12bb9012ee14cee4e000d',0,'40288a472ee120fb012ee1243be90001',7,NULL,NULL,'40288a472ee12bb9012ee1aaa2190018',1),
 ('40288a472ee12bb9012ee14cee4e000d',0,'40288a472ee12bb9012ee134bf630005',1,NULL,NULL,'40288a472ee12bb9012ee1aaa2190019',1),
 ('40288a472ee12bb9012ee14cee4e000d',0,'40288a472ee12bb9012ee13778490009',1,NULL,NULL,'40288a472ee12bb9012ee1aaa219001a',1),
 ('40288a472ee12bb9012ee14cee4e000d',0,'40288a472ee12bb9012ee134bf530002',5,NULL,NULL,'40288a472ee12bb9012ee1aaa219001b',1),
 ('40288a472ee12bb9012ee14cee4e000d',0,'1289630248984',8,NULL,NULL,'40288a472ee12bb9012ee1aaa219001c',1),
 ('40288a472ee12bb9012ee14cee4e000d',0,'40288a472ee12bb9012ee13778490007',5,NULL,NULL,'40288a472ee12bb9012ee1aaa219001f',1),
 ('40288a472ee12bb9012ee14cee4e000d',0,'40288a472ee12bb9012ee14504ea000c',3,NULL,NULL,'40288a472ee2bb83012ee2db9d6a0008',0),
 ('40288a472ee12bb9012ee14cee4e000d',0,'40288a472ee12bb9012ee134bf150001',6,NULL,NULL,'40288a472ee2bb83012ee2dcfb16000d',1),
 ('40288a472ee12bb9012ee14cee4e000d',0,'40288a472ee120fb012ee1243be90001',4,NULL,NULL,'40288a472ee2bb83012ee2dcfb16000e',1),
 ('40288a472ee12bb9012ee14cee4e000d',0,'40288a472ee12bb9012ee134bf530002',6,NULL,NULL,'40288a472ee2bb83012ee2dcfb16000f',1),
 ('40288a472ee12bb9012ee14cee4e000d',0,'40288a472ee12bb9012ee134bf530003',9,NULL,NULL,'40288a472ee30a12012ee3306b220004',0),
 ('40288a472ee12bb9012ee14cee4e000d',0,'40288a472ee12bb9012ee13778490009',2,NULL,NULL,'40288a472eed753a012eed7c69670004',0),
 ('40288a472ee12bb9012ee14cee4e000d',0,'1289630248984',4,NULL,NULL,'40288a472eed753a012eed7c69670005',1),
 ('40288a472ee12bb9012ee14cee4e000d',0,'1289630248984',2,NULL,NULL,'40288a472eed753a012eed7c69670006',0),
 ('40288afd2c44134c012c4418e0c2000a',0,'40288afd2c44134c012c441674660006',8,NULL,NULL,'40288afd2c44134c012c4419692c000f',1),
 ('40288afd2c44134c012c4418e0c2000a',0,'40288afd2c44134c012c4416c4e70007',5,NULL,NULL,'40288afd2c44134c012c4419692c0010',1),
 ('40288afd2c44134c012c4418e0c2000a',0,'40288afd2c44134c012c4415e1ea0005',5,NULL,NULL,'40288afd2c44134c012c4419692c0011',1),
 ('40288afd2c44134c012c4418e0c2000a',0,'40288afd2c44134c012c44171fd80008',1,NULL,NULL,'40288afd2c44134c012c4419692c0012',1),
 ('40288afd2c44134c012c4418e0c2000a',0,'1289630248984',7,NULL,NULL,'40288afd2c44134c012c4419692c0013',1),
 ('40288afd2c44134c012c4418e0c2000a',0,'40288afd2c44134c012c4414729a0002',1,NULL,NULL,'40288afd2c44134c012c4419692c0014',1),
 ('40288afd2c44134c012c4418e0c2000a',0,'1289630248984',8,NULL,NULL,'40288afd2c44134c012c4419692c0015',1),
 ('40288afd2c44134c012c4418e0c2000a',0,'40288afd2c44134c012c44178f1d0009',7,NULL,NULL,'40288afd2c44134c012c4419692c0016',1);
/*!40000 ALTER TABLE `t_task_useactor` ENABLE KEYS */;


--
-- Definition of table `t_test_task_detail`
--

DROP TABLE IF EXISTS `t_test_task_detail`;
CREATE TABLE `t_test_task_detail` (
  `TASKID` varchar(32) NOT NULL,
  `TEST_PHASE` int(1) DEFAULT '0',
  `CURRENT_VERSION` varchar(30) DEFAULT '',
  `RELA_TASKID` varchar(32) DEFAULT NULL,
  `REAL_PHASE` int(1) DEFAULT '0',
  `RELTTESTCASEFLAG` int(1) NOT NULL DEFAULT '0',
  `OUTLINESTATE` int(1) DEFAULT '0',
  `MAILBUG` int(1) DEFAULT '0',
  `MAILQUESTION` int(1) DEFAULT '0',
  `MAILEDITION` int(1) DEFAULT '0',
  `MAILCONFIRM` int(1) DEFAULT NULL,
  `UPGRADEFLAG` int(1) DEFAULT NULL,
  `INSDATE` date DEFAULT NULL,
  `UPDDATE` date DEFAULT NULL,
  `PJSIZE` double(20,3) DEFAULT NULL,
  `COMPANYID` varchar(32) NOT NULL,
  `CUSTOM_CASE` int(1) DEFAULT NULL,
  `CUSTOM_BUG` int(1) DEFAULT NULL,
  `CREATE_ID` varchar(32) DEFAULT NULL,
  `TEST_TASK_TATE` int(1) DEFAULT NULL,
  `MAILREPORT` int(1) DEFAULT NULL,
  `PROJECTID` varchar(32) DEFAULT NULL,
  `TEST_SEQ` int(3) DEFAULT NULL,
  PRIMARY KEY (`TASKID`)
) ENGINE=InnoDB DEFAULT CHARSET=utf8;

--
-- Dumping data for table `t_test_task_detail`
--

/*!40000 ALTER TABLE `t_test_task_detail` DISABLE KEYS */;
INSERT INTO `t_test_task_detail` (`TASKID`,`TEST_PHASE`,`CURRENT_VERSION`,`RELA_TASKID`,`REAL_PHASE`,`RELTTESTCASEFLAG`,`OUTLINESTATE`,`MAILBUG`,`MAILQUESTION`,`MAILEDITION`,`MAILCONFIRM`,`UPGRADEFLAG`,`INSDATE`,`UPDDATE`,`PJSIZE`,`COMPANYID`,`CUSTOM_CASE`,`CUSTOM_BUG`,`CREATE_ID`,`TEST_TASK_TATE`,`MAILREPORT`,`PROJECTID`,`TEST_SEQ`) VALUES 
 ('40288a2d2dcd2dd1012dcd300f470003',0,NULL,'',0,0,1,0,0,0,0,NULL,NULL,NULL,NULL,'1289630248328',0,0,NULL,4,0,'40288a2d2dcd2dd1012dcd300f470003',1),
 ('40288a472dc03420012dc03542600002',1,NULL,'',0,0,1,0,0,0,0,NULL,NULL,NULL,NULL,'1289630248328',0,0,NULL,4,0,'40288a472dc03420012dc03542600002',1),
 ('40288a472ee12bb9012ee14cee4e000d',2,NULL,'',0,0,1,0,1,0,1,NULL,NULL,NULL,NULL,'1289630248328',0,0,NULL,0,0,'40288a472ee12bb9012ee14cee4e000d',1),
 ('40288adf287dbfc901287de164d70008',0,NULL,NULL,0,0,0,0,0,0,0,0,'2010-05-10',NULL,NULL,'1270390575468',0,0,'1270390576000',3,0,'40288adf287dbfc901287de164d70008',NULL),
 ('40288adf287dbfc901287de1a0590009',1,NULL,NULL,0,0,0,0,0,0,0,0,'2010-05-10',NULL,NULL,'1270390575468',0,0,'1270390576000',3,0,'40288adf287dbfc901287de1a0590009',NULL),
 ('40288afd2c44134c012c4418e0c2000a',1,NULL,'',0,0,1,0,1,0,1,NULL,NULL,NULL,NULL,'1289630248328',0,0,NULL,4,0,'40288afd2c44134c012c4418e0c2000a',1),
 ('4028e4c06ac4c643016ac4c7f54c0001',0,NULL,NULL,0,0,0,0,0,0,0,0,'2019-05-17',NULL,NULL,'1289630248328',0,0,'1289630248984',3,0,'4028e4c06ac4c643016ac4c7f54c0001',NULL);
/*!40000 ALTER TABLE `t_test_task_detail` ENABLE KEYS */;


--
-- Definition of table `t_testcasebaseinfo`
--

DROP TABLE IF EXISTS `t_testcasebaseinfo`;
CREATE TABLE `t_testcasebaseinfo` (
  `TASKID` varchar(32) DEFAULT '',
  `TEST_PHASE` int(1) DEFAULT '0',
  `MODULEID` bigint(20) DEFAULT NULL,
  `TESTCASEID` bigint(20) NOT NULL AUTO_INCREMENT,
  `CREATERID` varchar(32) DEFAULT '0',
  `TESTCASEDES` varchar(1000) DEFAULT NULL,
  `TESTCASEOPERDATA` varchar(4000) DEFAULT NULL,
  `EXPRESULT` varchar(4000) DEFAULT NULL,
  `VALPROC` varchar(4000) DEFAULT NULL,
  `ISRELEASED` int(1) DEFAULT NULL,
  `CREATVER` varchar(20) DEFAULT NULL,
  `CREATDATE` datetime DEFAULT NULL,
  `ATTCHURL` varchar(200) DEFAULT NULL,
  `INSDATE` datetime DEFAULT NULL,
  `UPDDATE` datetime DEFAULT NULL,
  `STEPID` varchar(32) DEFAULT NULL,
  `STATUS` int(2) DEFAULT NULL,
  `CASETYPE` bigint(20) DEFAULT NULL,
  `WEIGHT` int(3) DEFAULT NULL,
  `EXCEPTRESULT` varchar(4000) DEFAULT NULL,
  `TESTACTOR` varchar(32) DEFAULT NULL,
  `EXE_DATE` datetime DEFAULT NULL,
  `CURRENT_VERSION` varchar(30) DEFAULT NULL,
  `OPERDATA_RICHTEXT` varchar(1200) DEFAULT NULL,
  `CASE_PRI` bigint(20) DEFAULT NULL,
  `REMARK` varchar(1000) DEFAULT NULL,
  `MODULENUM` varchar(60) DEFAULT NULL,
  `TEST_SEQ` int(3) DEFAULT NULL,
  `INIT_SEQ` int(3) DEFAULT NULL,
  `ADUIT_ID` varchar(32) DEFAULT NULL,
  PRIMARY KEY (`TESTCASEID`),
  KEY `TEST_CASE_TASK_IN` (`TASKID`,`MODULEID`)
) ENGINE=InnoDB AUTO_INCREMENT=16 DEFAULT CHARSET=utf8;

--
-- Dumping data for table `t_testcasebaseinfo`
--

/*!40000 ALTER TABLE `t_testcasebaseinfo` DISABLE KEYS */;
INSERT INTO `t_testcasebaseinfo` (`TASKID`,`TEST_PHASE`,`MODULEID`,`TESTCASEID`,`CREATERID`,`TESTCASEDES`,`TESTCASEOPERDATA`,`EXPRESULT`,`VALPROC`,`ISRELEASED`,`CREATVER`,`CREATDATE`,`ATTCHURL`,`INSDATE`,`UPDDATE`,`STEPID`,`STATUS`,`CASETYPE`,`WEIGHT`,`EXCEPTRESULT`,`TESTACTOR`,`EXE_DATE`,`CURRENT_VERSION`,`OPERDATA_RICHTEXT`,`CASE_PRI`,`REMARK`,`MODULENUM`,`TEST_SEQ`,`INIT_SEQ`,`ADUIT_ID`) VALUES 
 ('40288a472ee12bb9012ee14cee4e000d',0,33,6,'1289630248984','gggggggg','demo项目/测试管理:gggggggggggggggg ','',NULL,0,NULL,'2011-03-23 17:15:07','',NULL,'2011-03-23 17:16:16',NULL,1,10,2,NULL,NULL,NULL,NULL,'＜strong＞demo项目/测试管理:gggggggggggggggg＜/strong＞',8,'','001',NULL,NULL,'40288a472ee12bb9012ee134bf530003'),
 ('40288a472ee12bb9012ee14cee4e000d',0,35,7,'1289630248984','dddd','demo项目/文档管理:ddddddd ','',NULL,0,NULL,'2011-03-23 17:15:21','',NULL,'2011-03-23 22:44:04',NULL,3,10,2,NULL,NULL,NULL,NULL,'＜strong＞demo项目/文档管理:ddddddd＜/strong＞',8,'','003',NULL,NULL,'40288a472ee12bb9012ee134bf530003'),
 ('40288a472ee12bb9012ee14cee4e000d',0,35,8,'40288a472ee12bb9012ee134bf530003','ssss','demo项目/文档管理:ss ','ss',NULL,0,NULL,'2011-03-23 17:16:29','',NULL,'2011-03-23 22:44:04',NULL,3,10,2,NULL,NULL,NULL,NULL,'＜strong＞demo项目/文档管理:ss＜/strong＞',9,'','003',NULL,NULL,'40288a472ee12bb9012ee134bf530003'),
 ('40288a472ee12bb9012ee14cee4e000d',0,35,9,'40288a472ee12bb9012ee134bf530003','sss','demo项目/文档管理: :ssssss','',NULL,0,NULL,'2011-03-23 17:16:36','',NULL,'2011-03-23 22:44:04',NULL,3,10,NULL,NULL,NULL,NULL,NULL,'＜strong＞demo项目/文档管理:＜/strong＞:',9,'','003',NULL,NULL,'40288a472ee12bb9012ee134bf530003'),
 ('40288a472ee12bb9012ee14cee4e000d',0,36,10,'40288a472ee12bb9012ee134bf530003','ssss','demo项目/系统设置:s ','sss',NULL,0,NULL,'2011-03-23 17:17:18','',NULL,'2011-03-23 17:17:24',NULL,1,10,2,NULL,NULL,NULL,NULL,'＜strong＞demo项目/系统设置:s＜/strong＞',9,'','004',NULL,NULL,'40288a472ee12bb9012ee134bf530003'),
 ('40288a472ee12bb9012ee14cee4e000d',0,36,11,'40288a472ee12bb9012ee134bf530003','sss','demo项目/系统设置:adff ','daf',NULL,0,NULL,'2011-03-23 17:38:31','',NULL,'2011-03-23 22:41:57',NULL,1,10,2,NULL,NULL,NULL,NULL,'＜strong＞demo项目/系统设置:adff＜/strong＞',9,'','004',NULL,NULL,'40288a472ee12bb9012ee134bf530003'),
 ('40288a472ee12bb9012ee14cee4e000d',0,35,12,'40288a472ee12bb9012ee134bf150001','ssss','文档管理/demo项目 :sss','ssss',NULL,0,NULL,'2011-03-23 21:25:38','',NULL,'2011-03-23 22:44:04',NULL,3,10,2,NULL,NULL,NULL,NULL,'＜strong＞文档管理/demo项目＜/strong＞:',8,'','003',NULL,NULL,'40288a472ee12bb9012ee134bf530003'),
 ('40288a472ee12bb9012ee14cee4e000d',0,35,13,'40288a472ee12bb9012ee134bf530003','case','文档管理/demo项目 :sssss','ss',NULL,0,NULL,'2011-03-23 21:26:58','',NULL,'2011-03-23 22:41:49',NULL,1,10,2,NULL,NULL,NULL,NULL,'＜strong＞文档管理/demo项目＜/strong＞:',9,'','003',NULL,NULL,'40288a472ee12bb9012ee134bf530003'),
 ('40288a472ee12bb9012ee14cee4e000d',0,36,14,'40288a472ee12bb9012ee134bf530003','relacase','系统设置/demo项目 :dsaf','as',NULL,0,NULL,'2011-03-23 22:10:41','',NULL,'2011-03-23 22:10:41',NULL,1,10,2,NULL,NULL,NULL,NULL,'＜strong＞系统设置/demo项目＜/strong＞:dsaf',8,'','004',NULL,NULL,''),
 ('40288a472ee12bb9012ee14cee4e000d',0,35,15,'40288a472ee12bb9012ee134bf530003','关联BUG用例','demo项目/文档管理:fdafaf ','af',NULL,0,NULL,'2011-03-23 22:49:09','',NULL,'2011-03-23 22:49:19',NULL,3,10,2,NULL,NULL,NULL,NULL,'＜strong＞demo项目/文档管理:fdafaf＜/strong＞',8,'','003',NULL,NULL,'40288a472ee12bb9012ee134bf530003');
/*!40000 ALTER TABLE `t_testcasebaseinfo` ENABLE KEYS */;


--
-- Definition of table `t_testcasetype`
--

DROP TABLE IF EXISTS `t_testcasetype`;
CREATE TABLE `t_testcasetype` (
  `TYPE_NAME` varchar(30) DEFAULT NULL,
  `TYPE_ID` bigint(20) NOT NULL,
  `COMP_ID` varchar(32) NOT NULL,
  PRIMARY KEY (`TYPE_ID`)
) ENGINE=InnoDB DEFAULT CHARSET=utf8;

--
-- Dumping data for table `t_testcasetype`
--

/*!40000 ALTER TABLE `t_testcasetype` DISABLE KEYS */;
/*!40000 ALTER TABLE `t_testcasetype` ENABLE KEYS */;


--
-- Definition of table `t_testflowinfo`
--

DROP TABLE IF EXISTS `t_testflowinfo`;
CREATE TABLE `t_testflowinfo` (
  `TASKID` varchar(32) NOT NULL,
  `TEST_PHASE` int(1) NOT NULL DEFAULT '0',
  `TESTFLOWCODE` int(2) NOT NULL DEFAULT '0',
  `TESTFLOWNAME` varchar(50) DEFAULT NULL,
  `INSDATE` date DEFAULT NULL,
  `UPDDATE` date DEFAULT NULL,
  `TESTFLOWID` varchar(32) NOT NULL,
  `ID` varchar(32) DEFAULT NULL,
  PRIMARY KEY (`TESTFLOWID`),
  KEY `T_TESTFLOWINFO_IDX4` (`TASKID`)
) ENGINE=InnoDB DEFAULT CHARSET=utf8;

--
-- Dumping data for table `t_testflowinfo`
--

/*!40000 ALTER TABLE `t_testflowinfo` DISABLE KEYS */;
INSERT INTO `t_testflowinfo` (`TASKID`,`TEST_PHASE`,`TESTFLOWCODE`,`TESTFLOWNAME`,`INSDATE`,`UPDDATE`,`TESTFLOWID`,`ID`) VALUES 
 ('40288a2d2dcd2dd1012dcd300f470003',0,1,NULL,NULL,NULL,'40288a2d2dcd2dd1012dcd37ed030004',NULL),
 ('40288a2d2dcd2dd1012dcd300f470003',0,7,NULL,NULL,NULL,'40288a2d2dcd2dd1012dcd37ed030005',NULL),
 ('40288a2d2dcd2dd1012dcd300f470003',0,8,NULL,NULL,NULL,'40288a2d2dcd2dd1012dcd37ed030006',NULL),
 ('40288a2d2dcd2dd1012dcd300f470003',0,5,NULL,NULL,NULL,'40288a2d2dcd2dd1012dcd37ed030007',NULL),
 ('40288a472dc03420012dc03542600002',0,7,NULL,NULL,NULL,'40288a472dc03420012dc035ef980003',NULL),
 ('40288a472dc03420012dc03542600002',0,8,NULL,NULL,NULL,'40288a472dc03420012dc035ef980004',NULL),
 ('40288a472dc03420012dc03542600002',0,1,NULL,NULL,NULL,'40288a472dc03420012dc035ef980005',NULL),
 ('40288a472dc03420012dc03542600002',0,5,NULL,NULL,NULL,'40288a472dc03420012dc035ef980006',NULL),
 ('40288a472ee12bb9012ee14cee4e000d',0,5,NULL,NULL,NULL,'40288a472ee12bb9012ee1aaa219000e',NULL),
 ('40288a472ee12bb9012ee14cee4e000d',0,1,NULL,NULL,NULL,'40288a472ee12bb9012ee1aaa219000f',NULL),
 ('40288a472ee12bb9012ee14cee4e000d',0,8,NULL,NULL,NULL,'40288a472ee12bb9012ee1aaa2190011',NULL),
 ('40288a472ee12bb9012ee14cee4e000d',0,7,NULL,NULL,NULL,'40288a472ee12bb9012ee1aaa2190012',NULL),
 ('40288a472ee12bb9012ee14cee4e000d',0,6,NULL,NULL,NULL,'40288a472ee2bb83012ee2dcfb16000b',NULL),
 ('40288a472ee12bb9012ee14cee4e000d',0,4,NULL,NULL,NULL,'40288a472ee2bb83012ee2dcfb16000c',NULL),
 ('40288afd2c44134c012c4418e0c2000a',0,1,NULL,NULL,NULL,'40288afd2c44134c012c4419692c000b',NULL),
 ('40288afd2c44134c012c4418e0c2000a',0,5,NULL,NULL,NULL,'40288afd2c44134c012c4419692c000c',NULL),
 ('40288afd2c44134c012c4418e0c2000a',0,7,NULL,NULL,NULL,'40288afd2c44134c012c4419692c000d',NULL),
 ('40288afd2c44134c012c4418e0c2000a',0,8,NULL,NULL,NULL,'40288afd2c44134c012c4419692c000e',NULL);
/*!40000 ALTER TABLE `t_testflowinfo` ENABLE KEYS */;


--
-- Definition of table `t_testresult`
--

DROP TABLE IF EXISTS `t_testresult`;
CREATE TABLE `t_testresult` (
  `TASKID` varchar(32) NOT NULL,
  `TEST_PHASE` int(1) DEFAULT '0',
  `MODULEID` bigint(20) NOT NULL,
  `TESTCASEID` bigint(20) NOT NULL,
  `TESTVER` varchar(30) NOT NULL DEFAULT '0',
  `TESTRESULT` int(2) DEFAULT '0',
  `TESTRESULTDATE` datetime DEFAULT NULL,
  `TESTACTOR` varchar(32) DEFAULT '0',
  `INSDATE` datetime DEFAULT NULL,
  `UPDDATE` datetime DEFAULT NULL,
  `RESULTID` bigint(20) NOT NULL AUTO_INCREMENT,
  `TESTCONFIGID` bigint(20) DEFAULT NULL,
  `REMARK` varchar(1000) DEFAULT NULL,
  `SEQ` int(3) DEFAULT NULL,
  `PLANT_FORM_ID` int(15) DEFAULT NULL,
  PRIMARY KEY (`RESULTID`),
  KEY `T_TESTRESULT_IDX4` (`TASKID`,`TEST_PHASE`)
) ENGINE=InnoDB AUTO_INCREMENT=8 DEFAULT CHARSET=utf8;

--
-- Dumping data for table `t_testresult`
--

/*!40000 ALTER TABLE `t_testresult` DISABLE KEYS */;
INSERT INTO `t_testresult` (`TASKID`,`TEST_PHASE`,`MODULEID`,`TESTCASEID`,`TESTVER`,`TESTRESULT`,`TESTRESULTDATE`,`TESTACTOR`,`INSDATE`,`UPDDATE`,`RESULTID`,`TESTCONFIGID`,`REMARK`,`SEQ`,`PLANT_FORM_ID`) VALUES 
 ('40288a472ee12bb9012ee14cee4e000d',0,35,7,'9',3,NULL,'40288a472ee12bb9012ee134bf530003','2011-03-23 22:44:04',NULL,1,NULL,'关联用例自动生成测试结果',NULL,NULL),
 ('40288a472ee12bb9012ee14cee4e000d',0,36,10,'9',3,NULL,'40288a472ee12bb9012ee134bf530003','2011-03-23 22:10:45',NULL,2,NULL,'关联用例自动生成测试结果',NULL,NULL),
 ('40288a472ee12bb9012ee14cee4e000d',0,36,14,'9',3,NULL,'40288a472ee12bb9012ee134bf530003','2011-03-23 22:10:45',NULL,3,NULL,'关联用例自动生成测试结果',NULL,NULL),
 ('40288a472ee12bb9012ee14cee4e000d',0,35,8,'9',3,NULL,'40288a472ee12bb9012ee134bf530003','2011-03-23 22:44:04',NULL,4,NULL,'关联用例自动生成测试结果',NULL,NULL),
 ('40288a472ee12bb9012ee14cee4e000d',0,35,9,'9',3,NULL,'40288a472ee12bb9012ee134bf530003','2011-03-23 22:44:04',NULL,5,NULL,'关联用例自动生成测试结果',NULL,NULL),
 ('40288a472ee12bb9012ee14cee4e000d',0,35,12,'9',3,NULL,'40288a472ee12bb9012ee134bf530003','2011-03-23 22:44:04',NULL,6,NULL,'关联用例自动生成测试结果',NULL,NULL),
 ('40288a472ee12bb9012ee14cee4e000d',0,35,15,'8',3,NULL,'40288a472ee12bb9012ee134bf530003','2011-03-23 22:49:19',NULL,7,NULL,'关联BUG自动生成测试结果',NULL,NULL);
/*!40000 ALTER TABLE `t_testresult` ENABLE KEYS */;


--
-- Definition of table `t_typedefine`
--

DROP TABLE IF EXISTS `t_typedefine`;
CREATE TABLE `t_typedefine` (
  `INDENTIFIER` int(2) NOT NULL DEFAULT '0',
  `ENUMID` bigint(20) NOT NULL AUTO_INCREMENT,
  `SIMPNAME` varchar(8) DEFAULT NULL,
  `ENUMNAME` varchar(100) NOT NULL,
  `REMARK` varchar(300) DEFAULT NULL,
  `ISDEFAULT` int(1) DEFAULT '0',
  `INSDATE` date DEFAULT NULL,
  `UPDDATE` date DEFAULT NULL,
  `COMP_ID` varchar(32) DEFAULT NULL,
  `STATUS_FLG` varchar(2) DEFAULT '1',
  PRIMARY KEY (`ENUMID`),
  UNIQUE KEY `TYPEDEFINE_UQ` (`INDENTIFIER`,`ENUMNAME`,`COMP_ID`)
) ENGINE=InnoDB AUTO_INCREMENT=48 DEFAULT CHARSET=utf8;

--
-- Dumping data for table `t_typedefine`
--

/*!40000 ALTER TABLE `t_typedefine` DISABLE KEYS */;
INSERT INTO `t_typedefine` (`INDENTIFIER`,`ENUMID`,`SIMPNAME`,`ENUMNAME`,`REMARK`,`ISDEFAULT`,`INSDATE`,`UPDDATE`,`COMP_ID`,`STATUS_FLG`) VALUES 
 (8,7,NULL,'高',NULL,1,NULL,NULL,'1','1'),
 (8,8,NULL,'中',NULL,1,NULL,NULL,'1','1'),
 (8,9,NULL,'低',NULL,1,NULL,NULL,'1','1'),
 (7,10,NULL,'功能',NULL,1,NULL,NULL,'1','1'),
 (7,11,NULL,'性能',NULL,1,NULL,NULL,'1','1'),
 (7,12,NULL,'可用性',NULL,1,NULL,NULL,'1','1'),
 (0,13,NULL,'功能',NULL,1,NULL,NULL,'1','1'),
 (0,14,NULL,'性能',NULL,1,NULL,NULL,'1','1'),
 (0,15,NULL,'可用性',NULL,1,NULL,NULL,'1','1'),
 (10,16,NULL,'测试遗漏',NULL,1,NULL,NULL,'1','1'),
 (10,17,NULL,'需求变更',NULL,1,NULL,NULL,'1','1'),
 (10,18,NULL,'需求新增',NULL,1,NULL,NULL,'1','1'),
 (10,19,NULL,'此前测试策略忽略',NULL,1,NULL,NULL,'1','1'),
 (2,20,NULL,'严重影响系统运行',NULL,1,NULL,NULL,'1','1'),
 (2,21,NULL,'影响系统运行',NULL,1,NULL,NULL,'1','1'),
 (2,22,NULL,'不影响运行但必须改',NULL,1,NULL,NULL,'1','1'),
 (2,23,NULL,'所提出的建议',NULL,1,NULL,NULL,'1','1'),
 (3,24,NULL,'修改后出现',NULL,1,NULL,NULL,'1','1'),
 (3,25,NULL,'已发现但未修改',NULL,1,NULL,NULL,'1','1'),
 (3,26,NULL,'首次出现',NULL,1,NULL,NULL,'1','1'),
 (4,27,NULL,'操作即出现',NULL,1,NULL,NULL,'1','1'),
 (4,28,NULL,'偶尔出现',NULL,1,NULL,NULL,'1','1'),
 (5,29,NULL,'测试人员',NULL,1,NULL,NULL,'1','1'),
 (5,30,NULL,'研发人员',NULL,1,NULL,NULL,'1','1'),
 (5,31,NULL,'客户',NULL,1,NULL,NULL,'1','1'),
 (6,32,NULL,'Linux+IE7(IE8)',NULL,1,NULL,NULL,'1','1'),
 (6,33,NULL,'Windows +IE7(FF3.5)',NULL,1,NULL,NULL,'1','1'),
 (6,34,NULL,'MAC+FF3.5',NULL,1,NULL,NULL,'1','1'),
 (9,35,NULL,'高',NULL,1,NULL,NULL,'1','1'),
 (9,36,NULL,'中',NULL,1,NULL,NULL,'1','1'),
 (9,37,NULL,'低',NULL,1,NULL,NULL,'1','1'),
 (1,38,NULL,'需求',NULL,1,NULL,NULL,'1','1'),
 (1,39,NULL,'系统设计',NULL,1,NULL,NULL,'1','1'),
 (1,40,NULL,'概要设计',NULL,1,NULL,NULL,'1','1'),
 (1,41,NULL,'详细设计',NULL,1,NULL,NULL,'1','1'),
 (1,42,NULL,'编码',NULL,1,NULL,NULL,'1','1'),
 (1,43,NULL,'集成测试',NULL,1,NULL,NULL,'1','1'),
 (1,44,NULL,'系统测试',NULL,1,NULL,NULL,'1','1'),
 (6,45,NULL,'所有','',0,NULL,'2010-11-13','1289630248328','1'),
 (3,46,NULL,'首轮测试','',0,NULL,'2011-01-28','1289630248328','1'),
 (3,47,NULL,'aaa','',0,NULL,'2011-03-23','1289630248328','3');
/*!40000 ALTER TABLE `t_typedefine` ENABLE KEYS */;


--
-- Definition of table `t_user`
--

DROP TABLE IF EXISTS `t_user`;
CREATE TABLE `t_user` (
  `ID` varchar(32) NOT NULL,
  `COMPANYID` varchar(32) NOT NULL,
  `LOGINNAME` varchar(32) NOT NULL,
  `NAME` varchar(32) NOT NULL,
  `PASSWORD` varchar(255) DEFAULT NULL,
  `ISADMIN` int(1) NOT NULL DEFAULT '0',
  `EMPLOYEEID` varchar(32) DEFAULT NULL,
  `STATUS` int(1) DEFAULT '0',
  `ACTIVEFLAG` int(1) DEFAULT '0',
  `EMAIL` varchar(32) NOT NULL,
  `TEL` varchar(20) DEFAULT NULL,
  `QUESTION` varchar(20) DEFAULT NULL,
  `ANSWER` varchar(50) DEFAULT NULL,
  `INSERTDATE` timestamp NOT NULL DEFAULT CURRENT_TIMESTAMP ON UPDATE CURRENT_TIMESTAMP,
  `UPDATEDATE` timestamp NOT NULL DEFAULT '2010-01-11 00:00:00',
  `DELFLAG` int(1) DEFAULT '0',
  `OFFICETEL` varchar(20) DEFAULT NULL,
  `HEADSHIP` varchar(255) DEFAULT NULL,
  `ENTRY_DATE` datetime DEFAULT NULL,
  `JOIN_COMP_DATE` datetime DEFAULT NULL,
  `MY_HOME` varchar(150) DEFAULT NULL,
  `MY_SUPER_HOME` varchar(150) DEFAULT NULL,
  `RELA_DOC_USER_ID` bigint(20) unsigned DEFAULT NULL,
  PRIMARY KEY (`ID`),
  UNIQUE KEY `T_USER_UQ` (`LOGINNAME`,`DELFLAG`) USING BTREE
) ENGINE=InnoDB DEFAULT CHARSET=utf8;

--
-- Dumping data for table `t_user`
--

/*!40000 ALTER TABLE `t_user` DISABLE KEYS */;
INSERT INTO `t_user` (`ID`,`COMPANYID`,`LOGINNAME`,`NAME`,`PASSWORD`,`ISADMIN`,`EMPLOYEEID`,`STATUS`,`ACTIVEFLAG`,`EMAIL`,`TEL`,`QUESTION`,`ANSWER`,`INSERTDATE`,`UPDATEDATE`,`DELFLAG`,`OFFICETEL`,`HEADSHIP`,`ENTRY_DATE`,`JOIN_COMP_DATE`,`MY_HOME`,`MY_SUPER_HOME`,`RELA_DOC_USER_ID`) VALUES 
 ('1289630248984','1289630248328','admin','admin','d033e22ae348aeb566fc214aec3585c4da997',1,'',1,0,'liuyougen@jawasoft.com.cn','','','','2011-03-31 17:54:41','2011-03-25 22:47:39',0,'','',NULL,NULL,'/outLineManager/outLineAction!index.action',NULL,10420),
 ('402880e927f2c4280127f2c5ecd40002','402880e927f2c4280127f2c5e67b0001','ldoc','ldoc','123456',1,NULL,1,0,'ldoc@hhh.com',NULL,'','','2011-03-22 23:57:17','2010-04-13 00:07:18',0,NULL,NULL,NULL,NULL,'/bugManager/bugManagerAction!loadAllMyBug.action?dto.allTestTask=true',NULL,NULL),
 ('402880e927f2cc020127f2cdd7af0002','402880e927f2cc020127f2cdd2500001','yyy','yyy','444444',1,NULL,1,0,'4444@ddd.com',NULL,'','','2011-03-22 23:57:17','2010-04-13 00:15:30',0,NULL,NULL,NULL,NULL,'/bugManager/bugManagerAction!loadAllMyBug.action?dto.allTestTask=true',NULL,NULL),
 ('402880e927f2cc020127f2d0c0fc0005','402880e927f2cc020127f2d0b4c70004','gggg','ggg','gggggg',1,NULL,1,0,'ggggg@eee.com',NULL,'','','2011-03-22 23:57:17','2010-04-13 00:18:41',0,NULL,NULL,NULL,NULL,'/bugManager/bugManagerAction!loadAllMyBug.action?dto.allTestTask=true',NULL,NULL),
 ('402880e927f51c570127f52194a80002','402880e927f51c570127f52100f30001','tyuiopoppo','ggggggggg','123456',1,NULL,1,0,'rfgytttttr@rrr.com',NULL,'','','2011-03-22 23:57:17','2010-04-13 11:06:33',0,NULL,NULL,NULL,NULL,'/bugManager/bugManagerAction!loadAllMyBug.action?dto.allTestTask=true',NULL,NULL),
 ('402880e927f527b20127f5294da50002','402880e927f527b20127f5293de60001','aaaaaa','aaaa','qqqqqq',1,NULL,1,0,'aaaaaaa@eee.com',NULL,'','','2011-03-22 23:57:17','2010-04-13 11:14:40',0,NULL,NULL,NULL,NULL,'/bugManager/bugManagerAction!loadAllMyBug.action?dto.allTestTask=true',NULL,NULL),
 ('40288a2d2dcd2dd1012dcd2ef4040002','1289630248328','test','rrr','123456',0,'',0,0,'rrrr@ww.com','','','','2011-03-22 23:57:17','2011-01-28 23:12:42',4,'','',NULL,NULL,'/bugManager/bugManagerAction!loadAllMyBug.action?dto.allTestTask=true',NULL,NULL),
 ('40288a2d2dcd47c0012dcd49ea8a0002','1289630248328','deldel','deldel','111111',0,'',0,0,'del@ww.xom','','','','2011-03-22 23:57:17','2011-01-28 23:42:09',1,'','',NULL,NULL,'/bugManager/bugManagerAction!loadAllMyBug.action?dto.allTestTask=true',NULL,NULL),
 ('40288a472c51754a012c5177223b0002','1289630248328','liuyg3','ddd','123456',0,'',0,0,'sss@ww.com','','','','2011-03-22 23:57:17','2010-11-16 05:35:50',1,'','',NULL,NULL,'/bugManager/bugManagerAction!loadAllMyBug.action?dto.allTestTask=true',NULL,NULL),
 ('40288a472dc03420012dc0365fd6000b','1289630248328','test','test','123456',0,'',0,0,'test@ww.com','','','','2011-03-22 23:57:17','2011-01-26 10:45:45',1,'','',NULL,NULL,'/bugManager/bugManagerAction!loadAllMyBug.action?dto.allTestTask=true',NULL,NULL),
 ('40288a472dc097e9012dc099bcf90002','1289630248328','test','444','123456',0,'',0,0,'112@ww.com','','','','2011-03-22 23:57:17','2011-01-26 12:34:16',2,'','',NULL,NULL,'/bugManager/bugManagerAction!loadAllMyBug.action?dto.allTestTask=true',NULL,NULL),
 ('40288a472dc097e9012dc09a2ac60003','1289630248328','test','dd','123456',0,'',0,0,'dddd@WW.COM','','','','2011-03-22 23:57:17','2011-01-26 12:34:45',3,'','',NULL,NULL,'/bugManager/bugManagerAction!loadAllMyBug.action?dto.allTestTask=true',NULL,NULL),
 ('40288a472ee120fb012ee1243be90001','1289630248328','devMgr','研发经理','7c4a8d9ca3762af61e59520943dc26494f8941b',0,'',1,0,'dd@ww.com','','','','2011-03-23 13:16:11','2011-03-23 13:16:11',0,'','',NULL,NULL,'/bugManager/bugManagerAction!loadAllMyBug.action',NULL,NULL),
 ('40288a472ee12bb9012ee134bf150001','1289630248328','dev1','研发一','7c4a8d9ca3762af61e59520943dc26494f8941b',0,'',1,0,'zhangS@163.com','','dev1','dev1','2011-03-23 13:34:13','2011-03-23 13:50:34',0,'010-82826658','java软件工程师',NULL,NULL,NULL,NULL,NULL),
 ('40288a472ee12bb9012ee134bf530002','1289630248328','dev2','研发二','7c4a8d9ca3762af61e59520943dc26494f8941b',0,'',1,0,'bb@126.com','','dev2','dev2','2011-03-23 13:34:13','2011-03-23 13:50:50',0,'','',NULL,NULL,NULL,NULL,NULL),
 ('40288a472ee12bb9012ee134bf530003','1289630248328','testMgr','测试经理','7c4a8d9ca3762af61e59520943dc26494f8941b',0,NULL,1,0,'admin@11.com',NULL,'testMgr','testMgr','2011-03-23 13:34:13','2011-03-23 13:34:13',0,NULL,NULL,NULL,NULL,'/bugManager/bugManagerAction!loadAllMyBug.action',NULL,NULL),
 ('40288a472ee12bb9012ee134bf630004','1289630248328','tester1','测试一','7c4a8d9ca3762af61e59520943dc26494f8941b',0,NULL,1,0,'go@sina.com',NULL,'tester1','tester1','2011-03-23 13:34:13','2011-03-23 13:34:13',0,NULL,NULL,NULL,NULL,'/bugManager/bugManagerAction!loadAllMyBug.action',NULL,NULL),
 ('40288a472ee12bb9012ee134bf630005','1289630248328','tester2','测试二','7c4a8d9ca3762af61e59520943dc26494f8941b',0,NULL,1,0,'null@ifeng.com',NULL,'tester2','tester2','2011-03-23 13:34:13','2011-03-23 13:34:13',0,NULL,NULL,NULL,NULL,'/bugManager/bugManagerAction!loadAllMyBug.action',NULL,NULL),
 ('40288a472ee12bb9012ee13778490006','1289630248328','dev11','研发一一','7c4a8d9ca3762af61e59520943dc26494f8941b',0,'',1,0,'zhawngS@163.com','','dev11','dev11','2011-03-23 13:37:12','2011-03-23 13:50:44',0,'010-82826658','java软件工程师',NULL,NULL,NULL,NULL,NULL),
 ('40288a472ee12bb9012ee13778490007','1289630248328','dev22','研发二二','7c4a8d9ca3762af61e59520943dc26494f8941b',0,'',1,0,'bb@w126.com','','dev22','dev22','2011-03-23 13:37:12','2011-03-23 13:51:02',0,'','',NULL,NULL,NULL,NULL,NULL),
 ('40288a472ee12bb9012ee13778490008','1289630248328','testMgr2','测试经理2','7c4a8d9ca3762af61e59520943dc26494f8941b',0,NULL,1,0,'awdmin@11.com',NULL,'testMgr2','testMgr2','2011-03-23 13:37:12','2011-03-23 13:37:12',0,NULL,NULL,NULL,NULL,'/bugManager/bugManagerAction!loadAllMyBug.action',NULL,NULL),
 ('40288a472ee12bb9012ee13778490009','1289630248328','tester11','测试一一','7c4a8d9ca3762af61e59520943dc26494f8941b',0,NULL,1,0,'wgo@sina.com',NULL,'tester11','tester11','2011-03-23 13:37:12','2011-03-23 13:37:12',0,NULL,NULL,NULL,NULL,'/bugManager/bugManagerAction!loadAllMyBug.action',NULL,NULL),
 ('40288a472ee12bb9012ee1377849000a','1289630248328','tester22','测试二二','7c4a8d9ca3762af61e59520943dc26494f8941b',0,NULL,1,0,'nwull@ifeng.com',NULL,'tester22','tester22','2011-03-23 13:37:12','2011-03-23 13:37:12',0,NULL,NULL,NULL,NULL,'/bugManager/bugManagerAction!loadAllMyBug.action',NULL,NULL),
 ('40288a472ee12bb9012ee13bd4dd000b','1289630248328','devMgr2','研发经理2','7c4a8d9ca3762af61e59520943dc26494f8941b',2,'',1,0,'dev2W@dd.com','','','','2011-03-23 13:52:27','2011-03-23 13:42:09',0,'','',NULL,NULL,NULL,NULL,NULL),
 ('40288a472ee12bb9012ee14504ea000c','1289630248328','devMonitor','研发总监','7c4a8d9ca3762af61e59520943dc26494f8941b',0,'',1,0,'motinor@ww.com','','','','2011-03-23 13:52:18','2011-03-23 13:52:00',0,'','研发总监',NULL,NULL,'/bugManager/bugManagerAction!loadAllMyBug.action',NULL,NULL),
 ('40288adf282efe3d01282f01e7b90002','40288adf282efe3d01282f01a0bd0001','ffffff','ffff','111111',1,NULL,1,0,'11111133@ddd.com',NULL,'','','2011-03-22 23:57:17','2010-04-24 16:49:35',0,NULL,NULL,NULL,NULL,'/bugManager/bugManagerAction!loadAllMyBug.action?dto.allTestTask=true',NULL,0),
 ('40288adf282efe3d01282f0527050005','40288adf282efe3d01282f0516b90004','rrrr','rrrrrr','111111',1,NULL,1,0,'ffffwww@eee.com',NULL,'','','2011-03-22 23:57:17','2010-04-24 16:53:07',0,NULL,NULL,NULL,NULL,'/bugManager/bugManagerAction!loadAllMyBug.action?dto.allTestTask=true',NULL,0),
 ('40288adf282efe3d01282f0da5b40008','40288adf282efe3d01282f0c00dd0007','liuyg','liuyg','111111',1,NULL,1,0,'ddddd@33.com',NULL,'','','2011-03-22 23:57:17','2010-04-24 17:02:23',0,NULL,NULL,NULL,NULL,'/bugManager/bugManagerAction!loadAllMyBug.action?dto.allTestTask=true',NULL,0),
 ('40288adf282efe3d01282f228370000b','40288adf282efe3d01282f21dabd000a','66666666','66666','666666',1,NULL,1,0,'66666@www.com',NULL,'','','2011-03-22 23:57:17','2010-04-24 17:25:11',0,NULL,NULL,NULL,NULL,'/bugManager/bugManagerAction!loadAllMyBug.action?dto.allTestTask=true',NULL,0),
 ('40288adf282efe3d01282f23bcea000e','40288adf282efe3d01282f23542e000d','yyyyyyy','yyyyy','111111',1,NULL,1,0,'yyyyy@www.com',NULL,'','','2011-03-22 23:57:17','2010-04-24 17:26:31',0,NULL,NULL,NULL,NULL,'/bugManager/bugManagerAction!loadAllMyBug.action?dto.allTestTask=true',NULL,0),
 ('40288adf282efe3d01282f275e4c0011','40288adf282efe3d01282f25f46b0010','ttttt@ssss','ttt','222222',1,NULL,1,0,'eeer@www.com',NULL,'','','2011-03-22 23:57:17','2010-04-24 17:30:29',0,NULL,NULL,NULL,NULL,'/bugManager/bugManagerAction!loadAllMyBug.action?dto.allTestTask=true',NULL,0),
 ('40288adf282f711201282f73fcad0002','40288adf282f711201282f72b1900001','youwei','lyglyge','111111',1,NULL,1,0,'3er4444@www.com',NULL,'','','2011-03-22 23:57:17','2010-04-24 18:54:10',0,NULL,NULL,NULL,NULL,'/bugManager/bugManagerAction!loadAllMyBug.action?dto.allTestTask=true',NULL,9),
 ('40288adf282f7a6d01282f7d1eff0002','40288adf282f7a6d01282f7c68ce0001','pmdemo','pmdemo','111111',1,NULL,1,0,'33333@www.com',NULL,'','','2011-03-22 23:57:17','2010-04-24 19:04:09',0,NULL,NULL,NULL,NULL,'/bugManager/bugManagerAction!loadAllMyBug.action?dto.allTestTask=true',NULL,10),
 ('40288afd2c44134c012c4414729a0002','40288adf282f7a6d01282f7c68ce0001','tester1','测试一','123456',0,'',0,0,'tester1@sss.com','','','','2011-03-22 23:57:17','2010-11-13 15:12:59',1,'','',NULL,NULL,'/bugManager/bugManagerAction!loadAllMyBug.action?dto.allTestTask=true',NULL,NULL),
 ('40288afd2c44134c012c4415e1ea0005','40288adf282f7a6d01282f7c68ce0001','dev1','开发一','123456',0,'',0,0,'dev1@dd.com','','','','2011-03-22 23:57:17','2010-11-13 15:14:33',1,'','',NULL,NULL,'/bugManager/bugManagerAction!loadAllMyBug.action?dto.allTestTask=true',NULL,NULL),
 ('40288afd2c44134c012c441674660006','40288adf282f7a6d01282f7c68ce0001','testld','测试经理','123456',0,'',0,0,'testld@dd.com','','','','2011-03-22 23:57:17','2010-11-13 15:15:11',1,'','',NULL,NULL,'/bugManager/bugManagerAction!loadAllMyBug.action?dto.allTestTask=true',NULL,NULL),
 ('40288afd2c44134c012c4416c4e70007','40288adf282f7a6d01282f7c68ce0001','dev2','开发二','123456',0,'',0,0,'dev2@ww.com','','','','2011-03-22 23:57:17','2010-11-13 15:15:31',1,'','',NULL,NULL,'/bugManager/bugManagerAction!loadAllMyBug.action?dto.allTestTask=true',NULL,NULL),
 ('40288afd2c44134c012c44171fd80008','40288adf282f7a6d01282f7c68ce0001','tester2','测试二','123456',0,'',0,0,'tester2@ss.com','','','','2011-03-22 23:57:17','2010-11-13 15:15:54',1,'','',NULL,NULL,'/bugManager/bugManagerAction!loadAllMyBug.action?dto.allTestTask=true',NULL,NULL),
 ('40288afd2c44134c012c44178f1d0009','40288adf282f7a6d01282f7c68ce0001','devmgr','开发经理','123456',0,'',0,0,'devmgr@ww.com','','','','2011-03-22 23:57:17','2010-11-13 15:16:23',1,'','',NULL,NULL,'/bugManager/bugManagerAction!loadAllMyBug.action?dto.allTestTask=true',NULL,NULL);
/*!40000 ALTER TABLE `t_user` ENABLE KEYS */;


--
-- Definition of table `t_user_group_rela`
--

DROP TABLE IF EXISTS `t_user_group_rela`;
CREATE TABLE `t_user_group_rela` (
  `GROUPID` varchar(32) NOT NULL,
  `USERID` varchar(32) NOT NULL,
  `INSERTDATE` timestamp NOT NULL DEFAULT CURRENT_TIMESTAMP ON UPDATE CURRENT_TIMESTAMP,
  `UPDATEDATE` timestamp NOT NULL DEFAULT '0000-00-00 00:00:00',
  PRIMARY KEY (`GROUPID`,`USERID`),
  KEY `T_USER_GROUP_RELA_FK1` (`USERID`),
  CONSTRAINT `T_USER_GROUP_RELA_FK` FOREIGN KEY (`GROUPID`) REFERENCES `t_group` (`ID`) ON DELETE CASCADE,
  CONSTRAINT `T_USER_GROUP_RELA_FK1` FOREIGN KEY (`USERID`) REFERENCES `t_user` (`ID`) ON DELETE CASCADE
) ENGINE=InnoDB DEFAULT CHARSET=utf8;

--
-- Dumping data for table `t_user_group_rela`
--

/*!40000 ALTER TABLE `t_user_group_rela` DISABLE KEYS */;
INSERT INTO `t_user_group_rela` (`GROUPID`,`USERID`,`INSERTDATE`,`UPDATEDATE`) VALUES 
 ('40288a472dc0b415012dc0b5022c0002','1289630248984','2011-03-25 22:47:39','0000-00-00 00:00:00'),
 ('40288a472dc0b415012dc0b5022c0002','40288a472ee12bb9012ee134bf150001','2011-03-23 13:50:34','0000-00-00 00:00:00'),
 ('40288a472dc0b415012dc0b5022c0002','40288a472ee12bb9012ee134bf530002','2011-03-23 13:50:50','0000-00-00 00:00:00'),
 ('40288a472dc0b415012dc0b5022c0002','40288a472ee12bb9012ee13778490006','2011-03-23 13:50:44','0000-00-00 00:00:00'),
 ('40288a472dc0b415012dc0b5022c0002','40288a472ee12bb9012ee13bd4dd000b','2011-03-23 13:46:10','0000-00-00 00:00:00'),
 ('40288afd2c44134c012c4414bacf0003','40288a472ee12bb9012ee134bf530003','2011-03-23 13:46:25','0000-00-00 00:00:00'),
 ('40288afd2c44134c012c4414bacf0003','40288a472ee12bb9012ee134bf630004','2011-03-23 13:46:25','0000-00-00 00:00:00'),
 ('40288afd2c44134c012c4414bacf0003','40288a472ee12bb9012ee134bf630005','2011-03-23 13:46:25','0000-00-00 00:00:00'),
 ('40288afd2c44134c012c4414bacf0003','40288a472ee12bb9012ee13778490008','2011-03-23 13:46:25','0000-00-00 00:00:00'),
 ('40288afd2c44134c012c4414bacf0003','40288a472ee12bb9012ee13778490009','2011-03-23 13:46:25','0000-00-00 00:00:00'),
 ('40288afd2c44134c012c4414bacf0003','40288a472ee12bb9012ee1377849000a','2011-03-23 13:46:25','0000-00-00 00:00:00');
/*!40000 ALTER TABLE `t_user_group_rela` ENABLE KEYS */;


--
-- Definition of table `t_user_role_real`
--

DROP TABLE IF EXISTS `t_user_role_real`;
CREATE TABLE `t_user_role_real` (
  `ROLEID` varchar(32) NOT NULL,
  `USERID` varchar(32) NOT NULL,
  PRIMARY KEY (`ROLEID`,`USERID`)
) ENGINE=InnoDB DEFAULT CHARSET=utf8;

--
-- Dumping data for table `t_user_role_real`
--

/*!40000 ALTER TABLE `t_user_role_real` DISABLE KEYS */;
INSERT INTO `t_user_role_real` (`ROLEID`,`USERID`) VALUES 
 ('402880ea25b62b6a0125b66873290012','1289630248984'),
 ('40288a472db37490012db37657100002','40288a472ee12bb9012ee134bf630004'),
 ('40288a472db37490012db37657100002','40288a472ee12bb9012ee134bf630005'),
 ('40288a472db37490012db37657100002','40288a472ee12bb9012ee13778490009'),
 ('40288a472db37490012db37657100002','40288a472ee12bb9012ee1377849000a'),
 ('40288a472db37490012db3766eee0003','40288a472ee12bb9012ee134bf150001'),
 ('40288a472db37490012db3766eee0003','40288a472ee12bb9012ee134bf530002'),
 ('40288a472db37490012db3766eee0003','40288a472ee12bb9012ee13778490006'),
 ('40288a472db37490012db3766eee0003','40288a472ee12bb9012ee13778490007'),
 ('40288a472db37490012db376a03f0004','40288a472ee12bb9012ee134bf530003'),
 ('40288a472db37490012db376a03f0004','40288a472ee12bb9012ee13778490008'),
 ('40288a472db37490012db376d5f50005','40288a472ee120fb012ee1243be90001'),
 ('40288a472ee75a35012ee76c44960001','40288a472ee12bb9012ee13778490009');
/*!40000 ALTER TABLE `t_user_role_real` ENABLE KEYS */;




/*!40101 SET SQL_MODE=@OLD_SQL_MODE */;
/*!40014 SET FOREIGN_KEY_CHECKS=@OLD_FOREIGN_KEY_CHECKS */;
/*!40014 SET UNIQUE_CHECKS=@OLD_UNIQUE_CHECKS */;
/*!40101 SET CHARACTER_SET_CLIENT=@OLD_CHARACTER_SET_CLIENT */;
/*!40101 SET CHARACTER_SET_RESULTS=@OLD_CHARACTER_SET_RESULTS */;
/*!40101 SET COLLATION_CONNECTION=@OLD_COLLATION_CONNECTION */;
/*!40101 SET CHARACTER_SET_CLIENT=@OLD_CHARACTER_SET_CLIENT */;
